Meeting Daily Income,TransactionDate,Year,Week,ProductID,ProductName,Price,Quantity,Income,Quantity Target,Quantity Daily Target,Income Target,Income Daily Target
Yes,1/1/2020,2020,1,1,Liquid Soap,1,63,63,158,23,158,23
No,1/1/2020,2020,1,2,Bar Soap,1.5,70,105,885,126,1327.5,190
No,1/1/2020,2020,1,3,Candle,10,30,300,750,107,7500,1071
Yes,1/1/2020,2020,1,4,Diffuser,15,68,1020,450,64,6750,964
No,1/1/2020,2020,1,5,Hand Wash,5,9,45,300,43,1500,214
Yes,1/2/2020,2020,1,1,Liquid Soap,1,67,67,158,23,158,23
No,1/2/2020,2020,1,2,Bar Soap,1.5,79,119,885,126,1327.5,190
No,1/2/2020,2020,1,3,Candle,10,70,700,750,107,7500,1071
Yes,1/2/2020,2020,1,4,Diffuser,15,68,1020,450,64,6750,964
Yes,1/2/2020,2020,1,5,Hand Wash,5,70,350,300,43,1500,214
No,1/3/2020,2020,1,1,Liquid Soap,1,15,15,158,23,158,23
No,1/3/2020,2020,1,2,Bar Soap,1.5,99,149,885,126,1327.5,190
No,1/3/2020,2020,1,3,Candle,10,48,480,750,107,7500,1071
No,1/3/2020,2020,1,4,Diffuser,15,44,660,450,64,6750,964
Yes,1/3/2020,2020,1,5,Hand Wash,5,84,420,300,43,1500,214
No,1/4/2020,2020,1,1,Liquid Soap,1,5,5,158,23,158,23
No,1/4/2020,2020,1,2,Bar Soap,1.5,17,26,885,126,1327.5,190
No,1/4/2020,2020,1,3,Candle,10,32,320,750,107,7500,1071
Yes,1/4/2020,2020,1,4,Diffuser,15,66,990,450,64,6750,964
No,1/4/2020,2020,1,5,Hand Wash,5,8,40,300,43,1500,214
No,1/5/2020,2020,2,1,Liquid Soap,1,34,34,473,68,473,68
No,1/5/2020,2020,2,2,Bar Soap,1.5,50,75,885,126,1327.5,190
No,1/5/2020,2020,2,3,Candle,10,56,560,750,107,7500,1071
Yes,1/5/2020,2020,2,4,Diffuser,15,88,1320,450,64,6750,964
Yes,1/5/2020,2020,2,5,Hand Wash,5,89,445,300,43,1500,214
Yes,1/6/2020,2020,2,1,Liquid Soap,1,71,71,473,68,473,68
No,1/6/2020,2020,2,2,Bar Soap,1.5,15,23,885,126,1327.5,190
No,1/6/2020,2020,2,3,Candle,10,40,400,750,107,7500,1071
No,1/6/2020,2020,2,4,Diffuser,15,12,180,450,64,6750,964
Yes,1/6/2020,2020,2,5,Hand Wash,5,44,220,300,43,1500,214
No,1/7/2020,2020,2,1,Liquid Soap,1,45,45,473,68,473,68
No,1/7/2020,2020,2,2,Bar Soap,1.5,72,108,885,126,1327.5,190
No,1/7/2020,2020,2,3,Candle,10,47,470,750,107,7500,1071
No,1/7/2020,2020,2,4,Diffuser,15,61,915,450,64,6750,964
No,1/7/2020,2020,2,5,Hand Wash,5,39,195,300,43,1500,214
No,1/8/2020,2020,2,1,Liquid Soap,1,4,4,473,68,473,68
No,1/8/2020,2020,2,2,Bar Soap,1.5,46,69,885,126,1327.5,190
No,1/8/2020,2020,2,3,Candle,10,92,920,750,107,7500,1071
No,1/8/2020,2020,2,4,Diffuser,15,53,795,450,64,6750,964
Yes,1/8/2020,2020,2,5,Hand Wash,5,47,235,300,43,1500,214
No,1/9/2020,2020,2,1,Liquid Soap,1,39,39,473,68,473,68
No,1/9/2020,2020,2,2,Bar Soap,1.5,68,102,885,126,1327.5,190
No,1/9/2020,2020,2,3,Candle,10,14,140,750,107,7500,1071
Yes,1/9/2020,2020,2,4,Diffuser,15,94,1410,450,64,6750,964
No,1/9/2020,2020,2,5,Hand Wash,5,30,150,300,43,1500,214
No,1/10/2020,2020,2,1,Liquid Soap,1,19,19,473,68,473,68
No,1/10/2020,2020,2,2,Bar Soap,1.5,89,134,885,126,1327.5,190
No,1/10/2020,2020,2,3,Candle,10,8,80,750,107,7500,1071
Yes,1/10/2020,2020,2,4,Diffuser,15,75,1125,450,64,6750,964
Yes,1/10/2020,2020,2,5,Hand Wash,5,44,220,300,43,1500,214
No,1/11/2020,2020,2,1,Liquid Soap,1,28,28,473,68,473,68
No,1/11/2020,2020,2,2,Bar Soap,1.5,48,72,885,126,1327.5,190
No,1/11/2020,2020,2,3,Candle,10,86,860,750,107,7500,1071
No,1/11/2020,2020,2,4,Diffuser,15,38,570,450,64,6750,964
No,1/11/2020,2020,2,5,Hand Wash,5,11,55,300,43,1500,214
No,1/12/2020,2020,3,1,Liquid Soap,1,62,62,473,68,473,68
No,1/12/2020,2020,3,2,Bar Soap,1.5,71,107,885,126,1327.5,190
No,1/12/2020,2020,3,3,Candle,10,24,240,750,107,7500,1071
No,1/12/2020,2020,3,4,Diffuser,15,40,600,450,64,6750,964
Yes,1/12/2020,2020,3,5,Hand Wash,5,83,415,300,43,1500,214
No,1/13/2020,2020,3,1,Liquid Soap,1,16,16,473,68,473,68
No,1/13/2020,2020,3,2,Bar Soap,1.5,15,23,885,126,1327.5,190
No,1/13/2020,2020,3,3,Candle,10,88,880,750,107,7500,1071
No,1/13/2020,2020,3,4,Diffuser,15,49,735,450,64,6750,964
No,1/13/2020,2020,3,5,Hand Wash,5,33,165,300,43,1500,214
Yes,1/14/2020,2020,3,1,Liquid Soap,1,73,73,473,68,473,68
No,1/14/2020,2020,3,2,Bar Soap,1.5,49,74,885,126,1327.5,190
No,1/14/2020,2020,3,3,Candle,10,45,450,750,107,7500,1071
No,1/14/2020,2020,3,4,Diffuser,15,28,420,450,64,6750,964
Yes,1/14/2020,2020,3,5,Hand Wash,5,93,465,300,43,1500,214
No,1/15/2020,2020,3,1,Liquid Soap,1,30,30,473,68,473,68
No,1/15/2020,2020,3,2,Bar Soap,1.5,97,146,885,126,1327.5,190
No,1/15/2020,2020,3,3,Candle,10,81,810,750,107,7500,1071
No,1/15/2020,2020,3,4,Diffuser,15,48,720,450,64,6750,964
Yes,1/15/2020,2020,3,5,Hand Wash,5,79,395,300,43,1500,214
No,1/16/2020,2020,3,1,Liquid Soap,1,18,18,473,68,473,68
No,1/16/2020,2020,3,2,Bar Soap,1.5,67,101,885,126,1327.5,190
No,1/16/2020,2020,3,3,Candle,10,25,250,750,107,7500,1071
No,1/16/2020,2020,3,4,Diffuser,15,53,795,450,64,6750,964
Yes,1/16/2020,2020,3,5,Hand Wash,5,64,320,300,43,1500,214
Yes,1/17/2020,2020,3,1,Liquid Soap,1,76,76,473,68,473,68
No,1/17/2020,2020,3,2,Bar Soap,1.5,29,44,885,126,1327.5,190
No,1/17/2020,2020,3,3,Candle,10,92,920,750,107,7500,1071
No,1/17/2020,2020,3,4,Diffuser,15,64,960,450,64,6750,964
No,1/17/2020,2020,3,5,Hand Wash,5,4,20,300,43,1500,214
No,1/18/2020,2020,3,1,Liquid Soap,1,6,6,473,68,473,68
No,1/18/2020,2020,3,2,Bar Soap,1.5,3,5,885,126,1327.5,190
No,1/18/2020,2020,3,3,Candle,10,36,360,750,107,7500,1071
Yes,1/18/2020,2020,3,4,Diffuser,15,90,1350,450,64,6750,964
Yes,1/18/2020,2020,3,5,Hand Wash,5,98,490,300,43,1500,214
No,1/19/2020,2020,4,1,Liquid Soap,1,24,24,473,68,473,68
No,1/19/2020,2020,4,2,Bar Soap,1.5,61,92,885,126,1327.5,190
No,1/19/2020,2020,4,3,Candle,10,5,50,750,107,7500,1071
No,1/19/2020,2020,4,4,Diffuser,15,51,765,450,64,6750,964
No,1/19/2020,2020,4,5,Hand Wash,5,17,85,300,43,1500,214
No,1/20/2020,2020,4,1,Liquid Soap,1,45,45,473,68,473,68
No,1/20/2020,2020,4,2,Bar Soap,1.5,14,21,885,126,1327.5,190
No,1/20/2020,2020,4,3,Candle,10,84,840,750,107,7500,1071
Yes,1/20/2020,2020,4,4,Diffuser,15,100,1500,450,64,6750,964
Yes,1/20/2020,2020,4,5,Hand Wash,5,87,435,300,43,1500,214
No,1/21/2020,2020,4,1,Liquid Soap,1,48,48,473,68,473,68
No,1/21/2020,2020,4,2,Bar Soap,1.5,65,98,885,126,1327.5,190
No,1/21/2020,2020,4,3,Candle,10,73,730,750,107,7500,1071
No,1/21/2020,2020,4,4,Diffuser,15,58,870,450,64,6750,964
Yes,1/21/2020,2020,4,5,Hand Wash,5,50,250,300,43,1500,214
No,1/22/2020,2020,4,1,Liquid Soap,1,8,8,473,68,473,68
No,1/22/2020,2020,4,2,Bar Soap,1.5,11,17,885,126,1327.5,190
No,1/22/2020,2020,4,3,Candle,10,91,910,750,107,7500,1071
Yes,1/22/2020,2020,4,4,Diffuser,15,100,1500,450,64,6750,964
No,1/22/2020,2020,4,5,Hand Wash,5,36,180,300,43,1500,214
Yes,1/23/2020,2020,4,1,Liquid Soap,1,100,100,473,68,473,68
No,1/23/2020,2020,4,2,Bar Soap,1.5,63,95,885,126,1327.5,190
No,1/23/2020,2020,4,3,Candle,10,21,210,750,107,7500,1071
Yes,1/23/2020,2020,4,4,Diffuser,15,87,1305,450,64,6750,964
No,1/23/2020,2020,4,5,Hand Wash,5,13,65,300,43,1500,214
Yes,1/24/2020,2020,4,1,Liquid Soap,1,88,88,473,68,473,68
No,1/24/2020,2020,4,2,Bar Soap,1.5,11,17,885,126,1327.5,190
No,1/24/2020,2020,4,3,Candle,10,36,360,750,107,7500,1071
Yes,1/24/2020,2020,4,4,Diffuser,15,92,1380,450,64,6750,964
Yes,1/24/2020,2020,4,5,Hand Wash,5,43,215,300,43,1500,214
No,1/25/2020,2020,4,1,Liquid Soap,1,47,47,473,68,473,68
No,1/25/2020,2020,4,2,Bar Soap,1.5,72,108,885,126,1327.5,190
No,1/25/2020,2020,4,3,Candle,10,52,520,750,107,7500,1071
No,1/25/2020,2020,4,4,Diffuser,15,4,60,450,64,6750,964
Yes,1/25/2020,2020,4,5,Hand Wash,5,54,270,300,43,1500,214
No,1/26/2020,2020,5,1,Liquid Soap,1,38,38,473,68,473,68
No,1/26/2020,2020,5,2,Bar Soap,1.5,76,114,885,126,1327.5,190
No,1/26/2020,2020,5,3,Candle,10,41,410,750,107,7500,1071
No,1/26/2020,2020,5,4,Diffuser,15,6,90,450,64,6750,964
Yes,1/26/2020,2020,5,5,Hand Wash,5,54,270,300,43,1500,214
No,1/27/2020,2020,5,1,Liquid Soap,1,47,47,473,68,473,68
No,1/27/2020,2020,5,2,Bar Soap,1.5,42,63,885,126,1327.5,190
No,1/27/2020,2020,5,3,Candle,10,90,900,750,107,7500,1071
Yes,1/27/2020,2020,5,4,Diffuser,15,80,1200,450,64,6750,964
Yes,1/27/2020,2020,5,5,Hand Wash,5,58,290,300,43,1500,214
No,1/28/2020,2020,5,1,Liquid Soap,1,47,47,473,68,473,68
No,1/28/2020,2020,5,2,Bar Soap,1.5,63,95,885,126,1327.5,190
No,1/28/2020,2020,5,3,Candle,10,6,60,750,107,7500,1071
No,1/28/2020,2020,5,4,Diffuser,15,11,165,450,64,6750,964
Yes,1/28/2020,2020,5,5,Hand Wash,5,46,230,300,43,1500,214
Yes,1/29/2020,2020,5,1,Liquid Soap,1,71,71,473,68,473,68
No,1/29/2020,2020,5,2,Bar Soap,1.5,12,18,885,126,1327.5,190
No,1/29/2020,2020,5,3,Candle,10,75,750,750,107,7500,1071
No,1/29/2020,2020,5,4,Diffuser,15,58,870,450,64,6750,964
Yes,1/29/2020,2020,5,5,Hand Wash,5,44,220,300,43,1500,214
No,1/30/2020,2020,5,1,Liquid Soap,1,64,64,473,68,473,68
No,1/30/2020,2020,5,2,Bar Soap,1.5,73,110,885,126,1327.5,190
No,1/30/2020,2020,5,3,Candle,10,74,740,750,107,7500,1071
Yes,1/30/2020,2020,5,4,Diffuser,15,74,1110,450,64,6750,964
Yes,1/30/2020,2020,5,5,Hand Wash,5,60,300,300,43,1500,214
No,1/31/2020,2020,5,1,Liquid Soap,1,33,33,473,68,473,68
No,1/31/2020,2020,5,2,Bar Soap,1.5,7,11,885,126,1327.5,190
No,1/31/2020,2020,5,3,Candle,10,91,910,750,107,7500,1071
No,1/31/2020,2020,5,4,Diffuser,15,48,720,450,64,6750,964
Yes,1/31/2020,2020,5,5,Hand Wash,5,69,345,300,43,1500,214
No,2/1/2020,2020,5,1,Liquid Soap,1,38,38,473,68,473,68
No,2/1/2020,2020,5,2,Bar Soap,1.5,69,104,885,126,1327.5,190
No,2/1/2020,2020,5,3,Candle,10,26,260,750,107,7500,1071
No,2/1/2020,2020,5,4,Diffuser,15,2,30,450,64,6750,964
Yes,2/1/2020,2020,5,5,Hand Wash,5,98,490,300,43,1500,214
No,2/2/2020,2020,6,1,Liquid Soap,1,70,70,525,75,525,75
No,2/2/2020,2020,6,2,Bar Soap,1.5,89,134,885,126,1327.5,190
No,2/2/2020,2020,6,3,Candle,10,69,690,638,91,6380,911
Yes,2/2/2020,2020,6,4,Diffuser,15,80,1200,450,64,6750,964
No,2/2/2020,2020,6,5,Hand Wash,5,34,170,319,46,1595,228
Yes,2/3/2020,2020,6,1,Liquid Soap,1,75,75,525,75,525,75
No,2/3/2020,2020,6,2,Bar Soap,1.5,100,150,885,126,1327.5,190
No,2/3/2020,2020,6,3,Candle,10,83,830,638,91,6380,911
No,2/3/2020,2020,6,4,Diffuser,15,54,810,450,64,6750,964
No,2/3/2020,2020,6,5,Hand Wash,5,3,15,319,46,1595,228
Yes,2/4/2020,2020,6,1,Liquid Soap,1,83,83,525,75,525,75
No,2/4/2020,2020,6,2,Bar Soap,1.5,40,60,885,126,1327.5,190
No,2/4/2020,2020,6,3,Candle,10,61,610,638,91,6380,911
Yes,2/4/2020,2020,6,4,Diffuser,15,87,1305,450,64,6750,964
No,2/4/2020,2020,6,5,Hand Wash,5,24,120,319,46,1595,228
Yes,2/5/2020,2020,6,1,Liquid Soap,1,92,92,525,75,525,75
No,2/5/2020,2020,6,2,Bar Soap,1.5,98,147,885,126,1327.5,190
No,2/5/2020,2020,6,3,Candle,10,60,600,638,91,6380,911
No,2/5/2020,2020,6,4,Diffuser,15,13,195,450,64,6750,964
Yes,2/5/2020,2020,6,5,Hand Wash,5,47,235,319,46,1595,228
No,2/6/2020,2020,6,1,Liquid Soap,1,6,6,525,75,525,75
No,2/6/2020,2020,6,2,Bar Soap,1.5,56,84,885,126,1327.5,190
No,2/6/2020,2020,6,3,Candle,10,54,540,638,91,6380,911
No,2/6/2020,2020,6,4,Diffuser,15,16,240,450,64,6750,964
Yes,2/6/2020,2020,6,5,Hand Wash,5,59,295,319,46,1595,228
No,2/7/2020,2020,6,1,Liquid Soap,1,51,51,525,75,525,75
No,2/7/2020,2020,6,2,Bar Soap,1.5,90,135,885,126,1327.5,190
No,2/7/2020,2020,6,3,Candle,10,79,790,638,91,6380,911
No,2/7/2020,2020,6,4,Diffuser,15,14,210,450,64,6750,964
Yes,2/7/2020,2020,6,5,Hand Wash,5,97,485,319,46,1595,228
Yes,2/8/2020,2020,6,1,Liquid Soap,1,77,77,525,75,525,75
No,2/8/2020,2020,6,2,Bar Soap,1.5,29,44,885,126,1327.5,190
No,2/8/2020,2020,6,3,Candle,10,41,410,638,91,6380,911
Yes,2/8/2020,2020,6,4,Diffuser,15,81,1215,450,64,6750,964
Yes,2/8/2020,2020,6,5,Hand Wash,5,54,270,319,46,1595,228
Yes,2/9/2020,2020,7,1,Liquid Soap,1,94,94,563,80,563,80
No,2/9/2020,2020,7,2,Bar Soap,1.5,87,131,885,126,1327.5,190
No,2/9/2020,2020,7,3,Candle,10,74,740,638,91,6380,911
Yes,2/9/2020,2020,7,4,Diffuser,15,84,1260,450,64,6750,964
Yes,2/9/2020,2020,7,5,Hand Wash,5,73,365,319,46,1595,228
No,2/10/2020,2020,7,1,Liquid Soap,1,26,26,563,80,563,80
No,2/10/2020,2020,7,2,Bar Soap,1.5,9,14,885,126,1327.5,190
No,2/10/2020,2020,7,3,Candle,10,4,40,638,91,6380,911
No,2/10/2020,2020,7,4,Diffuser,15,43,645,450,64,6750,964
No,2/10/2020,2020,7,5,Hand Wash,5,43,215,319,46,1595,228
No,2/11/2020,2020,7,1,Liquid Soap,1,27,27,563,80,563,80
No,2/11/2020,2020,7,2,Bar Soap,1.5,28,42,885,126,1327.5,190
No,2/11/2020,2020,7,3,Candle,10,48,480,638,91,6380,911
No,2/11/2020,2020,7,4,Diffuser,15,51,765,450,64,6750,964
Yes,2/11/2020,2020,7,5,Hand Wash,5,58,290,319,46,1595,228
No,2/12/2020,2020,7,1,Liquid Soap,1,33,33,563,80,563,80
No,2/12/2020,2020,7,2,Bar Soap,1.5,97,146,885,126,1327.5,190
No,2/12/2020,2020,7,3,Candle,10,47,470,638,91,6380,911
No,2/12/2020,2020,7,4,Diffuser,15,6,90,450,64,6750,964
No,2/12/2020,2020,7,5,Hand Wash,5,12,60,319,46,1595,228
No,2/13/2020,2020,7,1,Liquid Soap,1,21,21,563,80,563,80
No,2/13/2020,2020,7,2,Bar Soap,1.5,37,56,885,126,1327.5,190
No,2/13/2020,2020,7,3,Candle,10,91,910,638,91,6380,911
No,2/13/2020,2020,7,4,Diffuser,15,1,15,450,64,6750,964
No,2/13/2020,2020,7,5,Hand Wash,5,10,50,319,46,1595,228
Yes,2/14/2020,2020,7,1,Liquid Soap,1,87,87,563,80,563,80
No,2/14/2020,2020,7,2,Bar Soap,1.5,96,144,885,126,1327.5,190
No,2/14/2020,2020,7,3,Candle,10,71,710,638,91,6380,911
No,2/14/2020,2020,7,4,Diffuser,15,25,375,450,64,6750,964
No,2/14/2020,2020,7,5,Hand Wash,5,35,175,319,46,1595,228
No,2/15/2020,2020,7,1,Liquid Soap,1,3,3,563,80,563,80
No,2/15/2020,2020,7,2,Bar Soap,1.5,25,38,885,126,1327.5,190
No,2/15/2020,2020,7,3,Candle,10,49,490,638,91,6380,911
No,2/15/2020,2020,7,4,Diffuser,15,56,840,450,64,6750,964
Yes,2/15/2020,2020,7,5,Hand Wash,5,84,420,319,46,1595,228
No,2/16/2020,2020,8,1,Liquid Soap,1,2,2,563,80,563,80
No,2/16/2020,2020,8,2,Bar Soap,1.5,87,131,885,126,1327.5,190
No,2/16/2020,2020,8,3,Candle,10,26,260,638,91,6380,911
No,2/16/2020,2020,8,4,Diffuser,15,29,435,450,64,6750,964
No,2/16/2020,2020,8,5,Hand Wash,5,37,185,319,46,1595,228
No,2/17/2020,2020,8,1,Liquid Soap,1,40,40,563,80,563,80
No,2/17/2020,2020,8,2,Bar Soap,1.5,32,48,885,126,1327.5,190
No,2/17/2020,2020,8,3,Candle,10,51,510,638,91,6380,911
No,2/17/2020,2020,8,4,Diffuser,15,6,90,450,64,6750,964
No,2/17/2020,2020,8,5,Hand Wash,5,15,75,319,46,1595,228
No,2/18/2020,2020,8,1,Liquid Soap,1,37,37,563,80,563,80
No,2/18/2020,2020,8,2,Bar Soap,1.5,8,12,885,126,1327.5,190
No,2/18/2020,2020,8,3,Candle,10,19,190,638,91,6380,911
Yes,2/18/2020,2020,8,4,Diffuser,15,67,1005,450,64,6750,964
Yes,2/18/2020,2020,8,5,Hand Wash,5,67,335,319,46,1595,228
No,2/19/2020,2020,8,1,Liquid Soap,1,2,2,563,80,563,80
No,2/19/2020,2020,8,2,Bar Soap,1.5,84,126,885,126,1327.5,190
No,2/19/2020,2020,8,3,Candle,10,21,210,638,91,6380,911
No,2/19/2020,2020,8,4,Diffuser,15,23,345,450,64,6750,964
Yes,2/19/2020,2020,8,5,Hand Wash,5,56,280,319,46,1595,228
No,2/20/2020,2020,8,1,Liquid Soap,1,35,35,563,80,563,80
No,2/20/2020,2020,8,2,Bar Soap,1.5,75,113,885,126,1327.5,190
No,2/20/2020,2020,8,3,Candle,10,34,340,638,91,6380,911
No,2/20/2020,2020,8,4,Diffuser,15,13,195,450,64,6750,964
No,2/20/2020,2020,8,5,Hand Wash,5,42,210,319,46,1595,228
No,2/21/2020,2020,8,1,Liquid Soap,1,2,2,563,80,563,80
No,2/21/2020,2020,8,2,Bar Soap,1.5,18,27,885,126,1327.5,190
No,2/21/2020,2020,8,3,Candle,10,66,660,638,91,6380,911
No,2/21/2020,2020,8,4,Diffuser,15,26,390,450,64,6750,964
Yes,2/21/2020,2020,8,5,Hand Wash,5,97,485,319,46,1595,228
No,2/22/2020,2020,8,1,Liquid Soap,1,48,48,563,80,563,80
No,2/22/2020,2020,8,2,Bar Soap,1.5,55,83,885,126,1327.5,190
No,2/22/2020,2020,8,3,Candle,10,87,870,638,91,6380,911
No,2/22/2020,2020,8,4,Diffuser,15,26,390,450,64,6750,964
Yes,2/22/2020,2020,8,5,Hand Wash,5,62,310,319,46,1595,228
No,2/23/2020,2020,9,1,Liquid Soap,1,46,46,563,80,563,80
No,2/23/2020,2020,9,2,Bar Soap,1.5,25,38,885,126,1327.5,190
No,2/23/2020,2020,9,3,Candle,10,9,90,638,91,6380,911
Yes,2/23/2020,2020,9,4,Diffuser,15,98,1470,450,64,6750,964
Yes,2/23/2020,2020,9,5,Hand Wash,5,50,250,319,46,1595,228
No,2/24/2020,2020,9,1,Liquid Soap,1,32,32,563,80,563,80
No,2/24/2020,2020,9,2,Bar Soap,1.5,24,36,885,126,1327.5,190
No,2/24/2020,2020,9,3,Candle,10,35,350,638,91,6380,911
Yes,2/24/2020,2020,9,4,Diffuser,15,78,1170,450,64,6750,964
Yes,2/24/2020,2020,9,5,Hand Wash,5,68,340,319,46,1595,228
No,2/25/2020,2020,9,1,Liquid Soap,1,30,30,563,80,563,80
No,2/25/2020,2020,9,2,Bar Soap,1.5,8,12,885,126,1327.5,190
Yes,2/25/2020,2020,9,3,Candle,10,96,960,638,91,6380,911
No,2/25/2020,2020,9,4,Diffuser,15,28,420,450,64,6750,964
Yes,2/25/2020,2020,9,5,Hand Wash,5,72,360,319,46,1595,228
Yes,2/26/2020,2020,9,1,Liquid Soap,1,100,100,563,80,563,80
No,2/26/2020,2020,9,2,Bar Soap,1.5,88,132,885,126,1327.5,190
No,2/26/2020,2020,9,3,Candle,10,61,610,638,91,6380,911
Yes,2/26/2020,2020,9,4,Diffuser,15,98,1470,450,64,6750,964
Yes,2/26/2020,2020,9,5,Hand Wash,5,96,480,319,46,1595,228
No,2/27/2020,2020,9,1,Liquid Soap,1,43,43,563,80,563,80
No,2/27/2020,2020,9,2,Bar Soap,1.5,93,140,885,126,1327.5,190
No,2/27/2020,2020,9,3,Candle,10,10,100,638,91,6380,911
Yes,2/27/2020,2020,9,4,Diffuser,15,80,1200,450,64,6750,964
Yes,2/27/2020,2020,9,5,Hand Wash,5,56,280,319,46,1595,228
No,2/28/2020,2020,9,1,Liquid Soap,1,50,50,563,80,563,80
No,2/28/2020,2020,9,2,Bar Soap,1.5,99,149,885,126,1327.5,190
No,2/28/2020,2020,9,3,Candle,10,36,360,638,91,6380,911
Yes,2/28/2020,2020,9,4,Diffuser,15,96,1440,450,64,6750,964
No,2/28/2020,2020,9,5,Hand Wash,5,17,85,319,46,1595,228
Yes,2/29/2020,2020,9,1,Liquid Soap,1,92,92,563,80,563,80
No,2/29/2020,2020,9,2,Bar Soap,1.5,24,36,885,126,1327.5,190
No,2/29/2020,2020,9,3,Candle,10,8,80,638,91,6380,911
No,2/29/2020,2020,9,4,Diffuser,15,14,210,450,64,6750,964
No,2/29/2020,2020,9,5,Hand Wash,5,5,25,319,46,1595,228
No,3/1/2020,2020,10,1,Liquid Soap,1,45,45,563,80,563,80
No,3/1/2020,2020,10,2,Bar Soap,1.5,4,6,885,126,1327.5,190
Yes,3/1/2020,2020,10,3,Candle,10,97,970,638,91,6380,911
Yes,3/1/2020,2020,10,4,Diffuser,15,85,1275,450,64,6750,964
No,3/1/2020,2020,10,5,Hand Wash,5,11,55,319,46,1595,228
No,3/2/2020,2020,10,1,Liquid Soap,1,15,15,563,80,563,80
No,3/2/2020,2020,10,2,Bar Soap,1.5,44,66,885,126,1327.5,190
No,3/2/2020,2020,10,3,Candle,10,69,690,638,91,6380,911
Yes,3/2/2020,2020,10,4,Diffuser,15,68,1020,450,64,6750,964
No,3/2/2020,2020,10,5,Hand Wash,5,34,170,319,46,1595,228
No,3/3/2020,2020,10,1,Liquid Soap,1,25,25,563,80,563,80
No,3/3/2020,2020,10,2,Bar Soap,1.5,30,45,885,126,1327.5,190
No,3/3/2020,2020,10,3,Candle,10,83,830,638,91,6380,911
Yes,3/3/2020,2020,10,4,Diffuser,15,93,1395,450,64,6750,964
Yes,3/3/2020,2020,10,5,Hand Wash,5,96,480,319,46,1595,228
Yes,3/4/2020,2020,10,1,Liquid Soap,1,93,93,563,80,563,80
No,3/4/2020,2020,10,2,Bar Soap,1.5,56,84,885,126,1327.5,190
No,3/4/2020,2020,10,3,Candle,10,58,580,638,91,6380,911
No,3/4/2020,2020,10,4,Diffuser,15,60,900,450,64,6750,964
Yes,3/4/2020,2020,10,5,Hand Wash,5,53,265,319,46,1595,228
No,3/5/2020,2020,10,1,Liquid Soap,1,2,2,563,80,563,80
No,3/5/2020,2020,10,2,Bar Soap,1.5,67,101,885,126,1327.5,190
No,3/5/2020,2020,10,3,Candle,10,11,110,638,91,6380,911
Yes,3/5/2020,2020,10,4,Diffuser,15,93,1395,450,64,6750,964
No,3/5/2020,2020,10,5,Hand Wash,5,27,135,319,46,1595,228
No,3/6/2020,2020,10,1,Liquid Soap,1,66,66,563,80,563,80
No,3/6/2020,2020,10,2,Bar Soap,1.5,100,150,885,126,1327.5,190
No,3/6/2020,2020,10,3,Candle,10,35,350,638,91,6380,911
Yes,3/6/2020,2020,10,4,Diffuser,15,73,1095,450,64,6750,964
No,3/6/2020,2020,10,5,Hand Wash,5,16,80,319,46,1595,228
No,3/7/2020,2020,10,1,Liquid Soap,1,61,61,563,80,563,80
No,3/7/2020,2020,10,2,Bar Soap,1.5,8,12,885,126,1327.5,190
No,3/7/2020,2020,10,3,Candle,10,48,480,638,91,6380,911
No,3/7/2020,2020,10,4,Diffuser,15,3,45,450,64,6750,964
Yes,3/7/2020,2020,10,5,Hand Wash,5,62,310,319,46,1595,228
No,3/8/2020,2020,11,1,Liquid Soap,1,4,4,570,81,570,81
No,3/8/2020,2020,11,2,Bar Soap,1.5,94,141,885,126,1327.5,190
No,3/8/2020,2020,11,3,Candle,10,61,610,638,91,6380,911
Yes,3/8/2020,2020,11,4,Diffuser,15,81,1215,450,64,6750,964
No,3/8/2020,2020,11,5,Hand Wash,5,43,215,319,46,1595,228
No,3/9/2020,2020,11,1,Liquid Soap,1,35,35,570,81,570,81
No,3/9/2020,2020,11,2,Bar Soap,1.5,50,75,885,126,1327.5,190
No,3/9/2020,2020,11,3,Candle,10,61,610,638,91,6380,911
No,3/9/2020,2020,11,4,Diffuser,15,21,315,450,64,6750,964
Yes,3/9/2020,2020,11,5,Hand Wash,5,94,470,319,46,1595,228
No,3/10/2020,2020,11,1,Liquid Soap,1,54,54,570,81,570,81
No,3/10/2020,2020,11,2,Bar Soap,1.5,4,6,885,126,1327.5,190
No,3/10/2020,2020,11,3,Candle,10,24,240,638,91,6380,911
No,3/10/2020,2020,11,4,Diffuser,15,61,915,450,64,6750,964
No,3/10/2020,2020,11,5,Hand Wash,5,37,185,319,46,1595,228
No,3/11/2020,2020,11,1,Liquid Soap,1,14,14,570,81,570,81
No,3/11/2020,2020,11,2,Bar Soap,1.5,5,8,885,126,1327.5,190
No,3/11/2020,2020,11,3,Candle,10,45,450,638,91,6380,911
No,3/11/2020,2020,11,4,Diffuser,15,60,900,450,64,6750,964
Yes,3/11/2020,2020,11,5,Hand Wash,5,70,350,319,46,1595,228
No,3/12/2020,2020,11,1,Liquid Soap,1,53,53,570,81,570,81
No,3/12/2020,2020,11,2,Bar Soap,1.5,10,15,885,126,1327.5,190
No,3/12/2020,2020,11,3,Candle,10,39,390,638,91,6380,911
No,3/12/2020,2020,11,4,Diffuser,15,16,240,450,64,6750,964
Yes,3/12/2020,2020,11,5,Hand Wash,5,99,495,319,46,1595,228
No,3/13/2020,2020,11,1,Liquid Soap,1,6,6,570,81,570,81
No,3/13/2020,2020,11,2,Bar Soap,1.5,26,39,885,126,1327.5,190
No,3/13/2020,2020,11,3,Candle,10,70,700,638,91,6380,911
Yes,3/13/2020,2020,11,4,Diffuser,15,92,1380,450,64,6750,964
Yes,3/13/2020,2020,11,5,Hand Wash,5,85,425,319,46,1595,228
No,3/14/2020,2020,11,1,Liquid Soap,1,11,11,570,81,570,81
No,3/14/2020,2020,11,2,Bar Soap,1.5,83,125,885,126,1327.5,190
No,3/14/2020,2020,11,3,Candle,10,29,290,638,91,6380,911
No,3/14/2020,2020,11,4,Diffuser,15,41,615,450,64,6750,964
Yes,3/14/2020,2020,11,5,Hand Wash,5,89,445,319,46,1595,228
Yes,3/15/2020,2020,12,1,Liquid Soap,1,98,98,570,81,570,81
No,3/15/2020,2020,12,2,Bar Soap,1.5,79,119,885,126,1327.5,190
No,3/15/2020,2020,12,3,Candle,10,87,870,638,91,6380,911
Yes,3/15/2020,2020,12,4,Diffuser,15,86,1290,450,64,6750,964
Yes,3/15/2020,2020,12,5,Hand Wash,5,62,310,337.5,48,1687.5,241
No,3/16/2020,2020,12,1,Liquid Soap,1,42,42,570,81,570,81
No,3/16/2020,2020,12,2,Bar Soap,1.5,4,6,885,126,1327.5,190
No,3/16/2020,2020,12,3,Candle,10,33,330,638,91,6380,911
No,3/16/2020,2020,12,4,Diffuser,15,35,525,450,64,6750,964
Yes,3/16/2020,2020,12,5,Hand Wash,5,91,455,337.5,48,1687.5,241
No,3/17/2020,2020,12,1,Liquid Soap,1,23,23,570,81,570,81
No,3/17/2020,2020,12,2,Bar Soap,1.5,2,3,885,126,1327.5,190
No,3/17/2020,2020,12,3,Candle,10,66,660,638,91,6380,911
Yes,3/17/2020,2020,12,4,Diffuser,15,85,1275,450,64,6750,964
Yes,3/17/2020,2020,12,5,Hand Wash,5,92,460,337.5,48,1687.5,241
No,3/18/2020,2020,12,1,Liquid Soap,1,48,48,570,81,570,81
No,3/18/2020,2020,12,2,Bar Soap,1.5,82,123,885,126,1327.5,190
No,3/18/2020,2020,12,3,Candle,10,56,560,638,91,6380,911
Yes,3/18/2020,2020,12,4,Diffuser,15,87,1305,450,64,6750,964
No,3/18/2020,2020,12,5,Hand Wash,5,38,190,337.5,48,1687.5,241
No,3/19/2020,2020,12,1,Liquid Soap,1,59,59,570,81,570,81
No,3/19/2020,2020,12,2,Bar Soap,1.5,35,53,885,126,1327.5,190
No,3/19/2020,2020,12,3,Candle,10,39,390,638,91,6380,911
No,3/19/2020,2020,12,4,Diffuser,15,49,735,450,64,6750,964
No,3/19/2020,2020,12,5,Hand Wash,5,35,175,337.5,48,1687.5,241
Yes,3/20/2020,2020,12,1,Liquid Soap,1,81,81,570,81,570,81
No,3/20/2020,2020,12,2,Bar Soap,1.5,27,41,885,126,1327.5,190
No,3/20/2020,2020,12,3,Candle,10,60,600,638,91,6380,911
No,3/20/2020,2020,12,4,Diffuser,15,23,345,450,64,6750,964
Yes,3/20/2020,2020,12,5,Hand Wash,5,58,290,337.5,48,1687.5,241
No,3/21/2020,2020,12,1,Liquid Soap,1,74,74,570,81,570,81
No,3/21/2020,2020,12,2,Bar Soap,1.5,43,65,885,126,1327.5,190
Yes,3/21/2020,2020,12,3,Candle,10,98,980,638,91,6380,911
Yes,3/21/2020,2020,12,4,Diffuser,15,89,1335,450,64,6750,964
Yes,3/21/2020,2020,12,5,Hand Wash,5,91,455,337.5,48,1687.5,241
Yes,3/22/2020,2020,13,1,Liquid Soap,1,82,82,570,81,570,81
No,3/22/2020,2020,13,2,Bar Soap,1.5,50,75,735,105,1102.5,158
Yes,3/22/2020,2020,13,3,Candle,10,94,940,638,91,6380,911
Yes,3/22/2020,2020,13,4,Diffuser,15,76,1140,450,64,6750,964
No,3/22/2020,2020,13,5,Hand Wash,5,12,60,337.5,48,1687.5,241
No,3/23/2020,2020,13,1,Liquid Soap,1,56,56,570,81,570,81
No,3/23/2020,2020,13,2,Bar Soap,1.5,9,14,735,105,1102.5,158
No,3/23/2020,2020,13,3,Candle,10,86,860,638,91,6380,911
No,3/23/2020,2020,13,4,Diffuser,15,25,375,450,64,6750,964
Yes,3/23/2020,2020,13,5,Hand Wash,5,70,350,337.5,48,1687.5,241
No,3/24/2020,2020,13,1,Liquid Soap,1,31,31,570,81,570,81
No,3/24/2020,2020,13,2,Bar Soap,1.5,51,77,735,105,1102.5,158
No,3/24/2020,2020,13,3,Candle,10,59,590,638,91,6380,911
No,3/24/2020,2020,13,4,Diffuser,15,20,300,450,64,6750,964
Yes,3/24/2020,2020,13,5,Hand Wash,5,53,265,337.5,48,1687.5,241
Yes,3/25/2020,2020,13,1,Liquid Soap,1,86,86,570,81,570,81
No,3/25/2020,2020,13,2,Bar Soap,1.5,100,150,735,105,1102.5,158
No,3/25/2020,2020,13,3,Candle,10,14,140,638,91,6380,911
Yes,3/25/2020,2020,13,4,Diffuser,15,65,975,450,64,6750,964
Yes,3/25/2020,2020,13,5,Hand Wash,5,92,460,337.5,48,1687.5,241
No,3/26/2020,2020,13,1,Liquid Soap,1,61,61,570,81,570,81
No,3/26/2020,2020,13,2,Bar Soap,1.5,49,74,735,105,1102.5,158
No,3/26/2020,2020,13,3,Candle,10,9,90,638,91,6380,911
Yes,3/26/2020,2020,13,4,Diffuser,15,73,1095,450,64,6750,964
No,3/26/2020,2020,13,5,Hand Wash,5,3,15,337.5,48,1687.5,241
No,3/27/2020,2020,13,1,Liquid Soap,1,5,5,570,81,570,81
No,3/27/2020,2020,13,2,Bar Soap,1.5,99,149,735,105,1102.5,158
No,3/27/2020,2020,13,3,Candle,10,14,140,638,91,6380,911
Yes,3/27/2020,2020,13,4,Diffuser,15,81,1215,450,64,6750,964
Yes,3/27/2020,2020,13,5,Hand Wash,5,75,375,337.5,48,1687.5,241
No,3/28/2020,2020,13,1,Liquid Soap,1,18,18,570,81,570,81
No,3/28/2020,2020,13,2,Bar Soap,1.5,50,75,735,105,1102.5,158
No,3/28/2020,2020,13,3,Candle,10,31,310,638,91,6380,911
No,3/28/2020,2020,13,4,Diffuser,15,3,45,450,64,6750,964
Yes,3/28/2020,2020,13,5,Hand Wash,5,75,375,337.5,48,1687.5,241
No,3/29/2020,2020,14,1,Liquid Soap,1,55,55,570,81,570,81
No,3/29/2020,2020,14,2,Bar Soap,1.5,82,123,735,105,1102.5,158
No,3/29/2020,2020,14,3,Candle,10,77,770,638,91,6380,911
No,3/29/2020,2020,14,4,Diffuser,15,48,720,450,64,6750,964
Yes,3/29/2020,2020,14,5,Hand Wash,5,89,445,337.5,48,1687.5,241
No,3/30/2020,2020,14,1,Liquid Soap,1,12,12,570,81,570,81
No,3/30/2020,2020,14,2,Bar Soap,1.5,49,74,735,105,1102.5,158
No,3/30/2020,2020,14,3,Candle,10,37,370,638,91,6380,911
Yes,3/30/2020,2020,14,4,Diffuser,15,92,1380,450,64,6750,964
Yes,3/30/2020,2020,14,5,Hand Wash,5,100,500,337.5,48,1687.5,241
No,3/31/2020,2020,14,1,Liquid Soap,1,7,7,570,81,570,81
No,3/31/2020,2020,14,2,Bar Soap,1.5,93,140,735,105,1102.5,158
No,3/31/2020,2020,14,3,Candle,10,23,230,638,91,6380,911
Yes,3/31/2020,2020,14,4,Diffuser,15,99,1485,450,64,6750,964
No,3/31/2020,2020,14,5,Hand Wash,5,19,95,337.5,48,1687.5,241
No,4/1/2020,2020,14,1,Liquid Soap,1,53,53,570,81,570,81
No,4/1/2020,2020,14,2,Bar Soap,1.5,45,68,735,105,1102.5,158
No,4/1/2020,2020,14,3,Candle,10,71,710,638,91,6380,911
Yes,4/1/2020,2020,14,4,Diffuser,15,87,1305,450,64,6750,964
No,4/1/2020,2020,14,5,Hand Wash,5,24,120,337.5,48,1687.5,241
No,4/2/2020,2020,14,1,Liquid Soap,1,31,31,570,81,570,81
No,4/2/2020,2020,14,2,Bar Soap,1.5,43,65,735,105,1102.5,158
No,4/2/2020,2020,14,3,Candle,10,80,800,638,91,6380,911
No,4/2/2020,2020,14,4,Diffuser,15,31,465,450,64,6750,964
Yes,4/2/2020,2020,14,5,Hand Wash,5,50,250,337.5,48,1687.5,241
Yes,4/3/2020,2020,14,1,Liquid Soap,1,94,94,570,81,570,81
No,4/3/2020,2020,14,2,Bar Soap,1.5,67,101,735,105,1102.5,158
Yes,4/3/2020,2020,14,3,Candle,10,96,960,638,91,6380,911
No,4/3/2020,2020,14,4,Diffuser,15,15,225,450,64,6750,964
Yes,4/3/2020,2020,14,5,Hand Wash,5,94,470,337.5,48,1687.5,241
Yes,4/4/2020,2020,14,1,Liquid Soap,1,98,98,570,81,570,81
No,4/4/2020,2020,14,2,Bar Soap,1.5,34,51,735,105,1102.5,158
No,4/4/2020,2020,14,3,Candle,10,28,280,638,91,6380,911
Yes,4/4/2020,2020,14,4,Diffuser,15,81,1215,450,64,6750,964
No,4/4/2020,2020,14,5,Hand Wash,5,26,130,337.5,48,1687.5,241
No,4/5/2020,2020,15,1,Liquid Soap,1,52,52,518,74,518,74
No,4/5/2020,2020,15,2,Bar Soap,1.5,74,111,735,105,1102.5,158
No,4/5/2020,2020,15,3,Candle,10,75,750,638,91,6380,911
Yes,4/5/2020,2020,15,4,Diffuser,15,100,1500,450,64,6750,964
No,4/5/2020,2020,15,5,Hand Wash,5,18,90,337.5,48,1687.5,241
No,4/6/2020,2020,15,1,Liquid Soap,1,6,6,518,74,518,74
No,4/6/2020,2020,15,2,Bar Soap,1.5,63,95,735,105,1102.5,158
No,4/6/2020,2020,15,3,Candle,10,54,540,638,91,6380,911
Yes,4/6/2020,2020,15,4,Diffuser,15,93,1395,450,64,6750,964
No,4/6/2020,2020,15,5,Hand Wash,5,4,20,337.5,48,1687.5,241
No,4/7/2020,2020,15,1,Liquid Soap,1,40,40,518,74,518,74
No,4/7/2020,2020,15,2,Bar Soap,1.5,49,74,735,105,1102.5,158
No,4/7/2020,2020,15,3,Candle,10,63,630,638,91,6380,911
No,4/7/2020,2020,15,4,Diffuser,15,33,495,450,64,6750,964
No,4/7/2020,2020,15,5,Hand Wash,5,42,210,337.5,48,1687.5,241
Yes,4/8/2020,2020,15,1,Liquid Soap,1,77,77,518,74,518,74
No,4/8/2020,2020,15,2,Bar Soap,1.5,5,8,735,105,1102.5,158
No,4/8/2020,2020,15,3,Candle,10,21,210,638,91,6380,911
No,4/8/2020,2020,15,4,Diffuser,15,19,285,450,64,6750,964
No,4/8/2020,2020,15,5,Hand Wash,5,14,70,337.5,48,1687.5,241
Yes,4/9/2020,2020,15,1,Liquid Soap,1,90,90,518,74,518,74
No,4/9/2020,2020,15,2,Bar Soap,1.5,28,42,735,105,1102.5,158
No,4/9/2020,2020,15,3,Candle,10,7,70,638,91,6380,911
No,4/9/2020,2020,15,4,Diffuser,15,7,105,450,64,6750,964
No,4/9/2020,2020,15,5,Hand Wash,5,44,220,337.5,48,1687.5,241
No,4/10/2020,2020,15,1,Liquid Soap,1,60,60,518,74,518,74
No,4/10/2020,2020,15,2,Bar Soap,1.5,100,150,735,105,1102.5,158
No,4/10/2020,2020,15,3,Candle,10,18,180,638,91,6380,911
No,4/10/2020,2020,15,4,Diffuser,15,58,870,450,64,6750,964
Yes,4/10/2020,2020,15,5,Hand Wash,5,60,300,337.5,48,1687.5,241
No,4/11/2020,2020,15,1,Liquid Soap,1,18,18,518,74,518,74
No,4/11/2020,2020,15,2,Bar Soap,1.5,10,15,735,105,1102.5,158
Yes,4/11/2020,2020,15,3,Candle,10,94,940,638,91,6380,911
Yes,4/11/2020,2020,15,4,Diffuser,15,67,1005,450,64,6750,964
No,4/11/2020,2020,15,5,Hand Wash,5,5,25,337.5,48,1687.5,241
No,4/12/2020,2020,16,1,Liquid Soap,1,7,7,518,74,518,74
No,4/12/2020,2020,16,2,Bar Soap,1.5,42,63,735,105,1102.5,158
No,4/12/2020,2020,16,3,Candle,10,71,710,638,91,6380,911
Yes,4/12/2020,2020,16,4,Diffuser,15,53,795,338,48,5070,724
Yes,4/12/2020,2020,16,5,Hand Wash,5,79,395,337.5,48,1687.5,241
No,4/13/2020,2020,16,1,Liquid Soap,1,47,47,518,74,518,74
No,4/13/2020,2020,16,2,Bar Soap,1.5,28,42,735,105,1102.5,158
No,4/13/2020,2020,16,3,Candle,10,21,210,638,91,6380,911
Yes,4/13/2020,2020,16,4,Diffuser,15,90,1350,338,48,5070,724
No,4/13/2020,2020,16,5,Hand Wash,5,41,205,337.5,48,1687.5,241
No,4/14/2020,2020,16,1,Liquid Soap,1,29,29,518,74,518,74
No,4/14/2020,2020,16,2,Bar Soap,1.5,17,26,735,105,1102.5,158
No,4/14/2020,2020,16,3,Candle,10,73,730,638,91,6380,911
Yes,4/14/2020,2020,16,4,Diffuser,15,50,750,338,48,5070,724
Yes,4/14/2020,2020,16,5,Hand Wash,5,79,395,337.5,48,1687.5,241
No,4/15/2020,2020,16,1,Liquid Soap,1,35,35,518,74,518,74
No,4/15/2020,2020,16,2,Bar Soap,1.5,46,69,735,105,1102.5,158
No,4/15/2020,2020,16,3,Candle,10,19,190,638,91,6380,911
Yes,4/15/2020,2020,16,4,Diffuser,15,69,1035,338,48,5070,724
Yes,4/15/2020,2020,16,5,Hand Wash,5,88,440,337.5,48,1687.5,241
Yes,4/16/2020,2020,16,1,Liquid Soap,1,87,87,518,74,518,74
No,4/16/2020,2020,16,2,Bar Soap,1.5,67,101,735,105,1102.5,158
No,4/16/2020,2020,16,3,Candle,10,22,220,638,91,6380,911
No,4/16/2020,2020,16,4,Diffuser,15,26,390,338,48,5070,724
Yes,4/16/2020,2020,16,5,Hand Wash,5,53,265,337.5,48,1687.5,241
No,4/17/2020,2020,16,1,Liquid Soap,1,37,37,518,74,518,74
No,4/17/2020,2020,16,2,Bar Soap,1.5,21,32,735,105,1102.5,158
No,4/17/2020,2020,16,3,Candle,10,32,320,638,91,6380,911
Yes,4/17/2020,2020,16,4,Diffuser,15,73,1095,338,48,5070,724
No,4/17/2020,2020,16,5,Hand Wash,5,9,45,337.5,48,1687.5,241
Yes,4/18/2020,2020,16,1,Liquid Soap,1,89,89,518,74,518,74
No,4/18/2020,2020,16,2,Bar Soap,1.5,62,93,735,105,1102.5,158
Yes,4/18/2020,2020,16,3,Candle,10,94,940,638,91,6380,911
Yes,4/18/2020,2020,16,4,Diffuser,15,61,915,338,48,5070,724
Yes,4/18/2020,2020,16,5,Hand Wash,5,98,490,337.5,48,1687.5,241
Yes,4/19/2020,2020,17,1,Liquid Soap,1,95,95,518,74,518,74
No,4/19/2020,2020,17,2,Bar Soap,1.5,30,45,735,105,1102.5,158
No,4/19/2020,2020,17,3,Candle,10,37,370,638,91,6380,911
No,4/19/2020,2020,17,4,Diffuser,15,30,450,338,48,5070,724
Yes,4/19/2020,2020,17,5,Hand Wash,5,87,435,337.5,48,1687.5,241
Yes,4/20/2020,2020,17,1,Liquid Soap,1,76,76,518,74,518,74
No,4/20/2020,2020,17,2,Bar Soap,1.5,43,65,735,105,1102.5,158
No,4/20/2020,2020,17,3,Candle,10,80,800,638,91,6380,911
No,4/20/2020,2020,17,4,Diffuser,15,7,105,338,48,5070,724
No,4/20/2020,2020,17,5,Hand Wash,5,26,130,337.5,48,1687.5,241
Yes,4/21/2020,2020,17,1,Liquid Soap,1,78,78,518,74,518,74
No,4/21/2020,2020,17,2,Bar Soap,1.5,8,12,735,105,1102.5,158
No,4/21/2020,2020,17,3,Candle,10,12,120,638,91,6380,911
No,4/21/2020,2020,17,4,Diffuser,15,19,285,338,48,5070,724
Yes,4/21/2020,2020,17,5,Hand Wash,5,51,255,337.5,48,1687.5,241
Yes,4/22/2020,2020,17,1,Liquid Soap,1,92,92,518,74,518,74
No,4/22/2020,2020,17,2,Bar Soap,1.5,20,30,735,105,1102.5,158
No,4/22/2020,2020,17,3,Candle,10,76,760,638,91,6380,911
Yes,4/22/2020,2020,17,4,Diffuser,15,83,1245,338,48,5070,724
Yes,4/22/2020,2020,17,5,Hand Wash,5,90,450,337.5,48,1687.5,241
No,4/23/2020,2020,17,1,Liquid Soap,1,33,33,518,74,518,74
No,4/23/2020,2020,17,2,Bar Soap,1.5,81,122,735,105,1102.5,158
No,4/23/2020,2020,17,3,Candle,10,83,830,638,91,6380,911
No,4/23/2020,2020,17,4,Diffuser,15,42,630,338,48,5070,724
No,4/23/2020,2020,17,5,Hand Wash,5,16,80,337.5,48,1687.5,241
No,4/24/2020,2020,17,1,Liquid Soap,1,49,49,518,74,518,74
No,4/24/2020,2020,17,2,Bar Soap,1.5,72,108,735,105,1102.5,158
No,4/24/2020,2020,17,3,Candle,10,29,290,638,91,6380,911
Yes,4/24/2020,2020,17,4,Diffuser,15,68,1020,338,48,5070,724
No,4/24/2020,2020,17,5,Hand Wash,5,26,130,337.5,48,1687.5,241
No,4/25/2020,2020,17,1,Liquid Soap,1,26,26,518,74,518,74
No,4/25/2020,2020,17,2,Bar Soap,1.5,60,90,735,105,1102.5,158
No,4/25/2020,2020,17,3,Candle,10,60,600,638,91,6380,911
Yes,4/25/2020,2020,17,4,Diffuser,15,72,1080,338,48,5070,724
Yes,4/25/2020,2020,17,5,Hand Wash,5,68,340,337.5,48,1687.5,241
No,4/26/2020,2020,18,1,Liquid Soap,1,58,58,518,74,518,74
No,4/26/2020,2020,18,2,Bar Soap,1.5,63,95,735,105,1102.5,158
No,4/26/2020,2020,18,3,Candle,10,32,320,638,91,6380,911
No,4/26/2020,2020,18,4,Diffuser,15,23,345,338,48,5070,724
Yes,4/26/2020,2020,18,5,Hand Wash,5,86,430,337.5,48,1687.5,241
No,4/27/2020,2020,18,1,Liquid Soap,1,72,72,518,74,518,74
No,4/27/2020,2020,18,2,Bar Soap,1.5,32,48,735,105,1102.5,158
No,4/27/2020,2020,18,3,Candle,10,85,850,638,91,6380,911
Yes,4/27/2020,2020,18,4,Diffuser,15,62,930,338,48,5070,724
Yes,4/27/2020,2020,18,5,Hand Wash,5,82,410,337.5,48,1687.5,241
No,4/28/2020,2020,18,1,Liquid Soap,1,56,56,518,74,518,74
No,4/28/2020,2020,18,2,Bar Soap,1.5,6,9,735,105,1102.5,158
No,4/28/2020,2020,18,3,Candle,10,60,600,638,91,6380,911
Yes,4/28/2020,2020,18,4,Diffuser,15,61,915,338,48,5070,724
Yes,4/28/2020,2020,18,5,Hand Wash,5,93,465,337.5,48,1687.5,241
Yes,4/29/2020,2020,18,1,Liquid Soap,1,87,87,518,74,518,74
No,4/29/2020,2020,18,2,Bar Soap,1.5,96,144,735,105,1102.5,158
No,4/29/2020,2020,18,3,Candle,10,83,830,638,91,6380,911
No,4/29/2020,2020,18,4,Diffuser,15,21,315,338,48,5070,724
Yes,4/29/2020,2020,18,5,Hand Wash,5,64,320,337.5,48,1687.5,241
No,4/30/2020,2020,18,1,Liquid Soap,1,26,26,518,74,518,74
No,4/30/2020,2020,18,2,Bar Soap,1.5,32,48,735,105,1102.5,158
No,4/30/2020,2020,18,3,Candle,10,55,550,638,91,6380,911
Yes,4/30/2020,2020,18,4,Diffuser,15,88,1320,338,48,5070,724
No,4/30/2020,2020,18,5,Hand Wash,5,23,115,337.5,48,1687.5,241
No,5/1/2020,2020,18,1,Liquid Soap,1,8,8,518,74,518,74
No,5/1/2020,2020,18,2,Bar Soap,1.5,49,74,735,105,1102.5,158
No,5/1/2020,2020,18,3,Candle,10,64,640,638,91,6380,911
No,5/1/2020,2020,18,4,Diffuser,15,3,45,338,48,5070,724
No,5/1/2020,2020,18,5,Hand Wash,5,22,110,337.5,48,1687.5,241
No,5/2/2020,2020,18,1,Liquid Soap,1,66,66,518,74,518,74
No,5/2/2020,2020,18,2,Bar Soap,1.5,16,24,735,105,1102.5,158
No,5/2/2020,2020,18,3,Candle,10,15,150,638,91,6380,911
Yes,5/2/2020,2020,18,4,Diffuser,15,65,975,338,48,5070,724
Yes,5/2/2020,2020,18,5,Hand Wash,5,70,350,337.5,48,1687.5,241
No,5/3/2020,2020,19,1,Liquid Soap,1,31,31,690,99,690,99
No,5/3/2020,2020,19,2,Bar Soap,1.5,51,77,735,105,1102.5,158
No,5/3/2020,2020,19,3,Candle,10,39,390,375,54,3750,536
No,5/3/2020,2020,19,4,Diffuser,15,38,570,338,48,5070,724
No,5/3/2020,2020,19,5,Hand Wash,5,31,155,337.5,48,1687.5,241
No,5/4/2020,2020,19,1,Liquid Soap,1,54,54,690,99,690,99
No,5/4/2020,2020,19,2,Bar Soap,1.5,83,125,735,105,1102.5,158
No,5/4/2020,2020,19,3,Candle,10,1,10,375,54,3750,536
Yes,5/4/2020,2020,19,4,Diffuser,15,67,1005,338,48,5070,724
Yes,5/4/2020,2020,19,5,Hand Wash,5,96,480,337.5,48,1687.5,241
No,5/5/2020,2020,19,1,Liquid Soap,1,95,95,690,99,690,99
No,5/5/2020,2020,19,2,Bar Soap,1.5,56,84,735,105,1102.5,158
No,5/5/2020,2020,19,3,Candle,10,17,170,375,54,3750,536
Yes,5/5/2020,2020,19,4,Diffuser,15,91,1365,338,48,5070,724
Yes,5/5/2020,2020,19,5,Hand Wash,5,71,355,337.5,48,1687.5,241
No,5/6/2020,2020,19,1,Liquid Soap,1,94,94,690,99,690,99
No,5/6/2020,2020,19,2,Bar Soap,1.5,81,122,735,105,1102.5,158
Yes,5/6/2020,2020,19,3,Candle,10,87,870,375,54,3750,536
No,5/6/2020,2020,19,4,Diffuser,15,1,15,338,48,5070,724
No,5/6/2020,2020,19,5,Hand Wash,5,6,30,337.5,48,1687.5,241
No,5/7/2020,2020,19,1,Liquid Soap,1,22,22,690,99,690,99
No,5/7/2020,2020,19,2,Bar Soap,1.5,43,65,735,105,1102.5,158
No,5/7/2020,2020,19,3,Candle,10,1,10,375,54,3750,536
No,5/7/2020,2020,19,4,Diffuser,15,17,255,338,48,5070,724
Yes,5/7/2020,2020,19,5,Hand Wash,5,74,370,337.5,48,1687.5,241
No,5/8/2020,2020,19,1,Liquid Soap,1,34,34,690,99,690,99
No,5/8/2020,2020,19,2,Bar Soap,1.5,70,105,735,105,1102.5,158
Yes,5/8/2020,2020,19,3,Candle,10,56,560,375,54,3750,536
No,5/8/2020,2020,19,4,Diffuser,15,1,15,338,48,5070,724
No,5/8/2020,2020,19,5,Hand Wash,5,10,50,337.5,48,1687.5,241
No,5/9/2020,2020,19,1,Liquid Soap,1,47,47,690,99,690,99
No,5/9/2020,2020,19,2,Bar Soap,1.5,44,66,735,105,1102.5,158
Yes,5/9/2020,2020,19,3,Candle,10,66,660,375,54,3750,536
No,5/9/2020,2020,19,4,Diffuser,15,16,240,338,48,5070,724
Yes,5/9/2020,2020,19,5,Hand Wash,5,55,275,337.5,48,1687.5,241
No,5/10/2020,2020,20,1,Liquid Soap,1,98,98,780,111,780,111
No,5/10/2020,2020,20,2,Bar Soap,1.5,28,42,563,80,844.5,121
Yes,5/10/2020,2020,20,3,Candle,10,91,910,375,54,3750,536
No,5/10/2020,2020,20,4,Diffuser,15,15,225,338,48,5070,724
Yes,5/10/2020,2020,20,5,Hand Wash,5,95,475,356.5,51,1782.5,255
No,5/11/2020,2020,20,1,Liquid Soap,1,36,36,780,111,780,111
No,5/11/2020,2020,20,2,Bar Soap,1.5,38,57,563,80,844.5,121
Yes,5/11/2020,2020,20,3,Candle,10,59,590,375,54,3750,536
No,5/11/2020,2020,20,4,Diffuser,15,22,330,338,48,5070,724
No,5/11/2020,2020,20,5,Hand Wash,5,1,5,356.5,51,1782.5,255
No,5/12/2020,2020,20,1,Liquid Soap,1,40,40,780,111,780,111
Yes,5/12/2020,2020,20,2,Bar Soap,1.5,87,131,563,80,844.5,121
No,5/12/2020,2020,20,3,Candle,10,11,110,375,54,3750,536
Yes,5/12/2020,2020,20,4,Diffuser,15,55,825,338,48,5070,724
Yes,5/12/2020,2020,20,5,Hand Wash,5,93,465,356.5,51,1782.5,255
No,5/13/2020,2020,20,1,Liquid Soap,1,39,39,780,111,780,111
No,5/13/2020,2020,20,2,Bar Soap,1.5,16,24,563,80,844.5,121
Yes,5/13/2020,2020,20,3,Candle,10,88,880,375,54,3750,536
No,5/13/2020,2020,20,4,Diffuser,15,36,540,338,48,5070,724
Yes,5/13/2020,2020,20,5,Hand Wash,5,80,400,356.5,51,1782.5,255
No,5/14/2020,2020,20,1,Liquid Soap,1,19,19,780,111,780,111
No,5/14/2020,2020,20,2,Bar Soap,1.5,10,15,563,80,844.5,121
Yes,5/14/2020,2020,20,3,Candle,10,64,640,375,54,3750,536
No,5/14/2020,2020,20,4,Diffuser,15,35,525,338,48,5070,724
Yes,5/14/2020,2020,20,5,Hand Wash,5,81,405,356.5,51,1782.5,255
No,5/15/2020,2020,20,1,Liquid Soap,1,15,15,780,111,780,111
Yes,5/15/2020,2020,20,2,Bar Soap,1.5,99,149,563,80,844.5,121
Yes,5/15/2020,2020,20,3,Candle,10,88,880,375,54,3750,536
Yes,5/15/2020,2020,20,4,Diffuser,15,64,960,338,48,5070,724
No,5/15/2020,2020,20,5,Hand Wash,5,33,165,356.5,51,1782.5,255
No,5/16/2020,2020,20,1,Liquid Soap,1,81,81,780,111,780,111
No,5/16/2020,2020,20,2,Bar Soap,1.5,51,77,563,80,844.5,121
No,5/16/2020,2020,20,3,Candle,10,35,350,375,54,3750,536
Yes,5/16/2020,2020,20,4,Diffuser,15,80,1200,338,48,5070,724
Yes,5/16/2020,2020,20,5,Hand Wash,5,78,390,356.5,51,1782.5,255
No,5/17/2020,2020,21,1,Liquid Soap,1,66,66,780,111,780,111
No,5/17/2020,2020,21,2,Bar Soap,1.5,67,101,563,80,844.5,121
Yes,5/17/2020,2020,21,3,Candle,10,54,540,375,54,3750,536
Yes,5/17/2020,2020,21,4,Diffuser,15,83,1245,338,48,5070,724
No,5/17/2020,2020,21,5,Hand Wash,5,36,180,356.5,51,1782.5,255
No,5/18/2020,2020,21,1,Liquid Soap,1,38,38,780,111,780,111
No,5/18/2020,2020,21,2,Bar Soap,1.5,62,93,563,80,844.5,121
No,5/18/2020,2020,21,3,Candle,10,48,480,375,54,3750,536
Yes,5/18/2020,2020,21,4,Diffuser,15,78,1170,338,48,5070,724
No,5/18/2020,2020,21,5,Hand Wash,5,28,140,356.5,51,1782.5,255
No,5/19/2020,2020,21,1,Liquid Soap,1,84,84,780,111,780,111
No,5/19/2020,2020,21,2,Bar Soap,1.5,61,92,563,80,844.5,121
No,5/19/2020,2020,21,3,Candle,10,10,100,375,54,3750,536
No,5/19/2020,2020,21,4,Diffuser,15,38,570,338,48,5070,724
No,5/19/2020,2020,21,5,Hand Wash,5,10,50,356.5,51,1782.5,255
No,5/20/2020,2020,21,1,Liquid Soap,1,13,13,780,111,780,111
No,5/20/2020,2020,21,2,Bar Soap,1.5,58,87,563,80,844.5,121
Yes,5/20/2020,2020,21,3,Candle,10,68,680,375,54,3750,536
No,5/20/2020,2020,21,4,Diffuser,15,42,630,338,48,5070,724
Yes,5/20/2020,2020,21,5,Hand Wash,5,64,320,356.5,51,1782.5,255
No,5/21/2020,2020,21,1,Liquid Soap,1,29,29,780,111,780,111
No,5/21/2020,2020,21,2,Bar Soap,1.5,49,74,563,80,844.5,121
Yes,5/21/2020,2020,21,3,Candle,10,68,680,375,54,3750,536
No,5/21/2020,2020,21,4,Diffuser,15,37,555,338,48,5070,724
No,5/21/2020,2020,21,5,Hand Wash,5,43,215,356.5,51,1782.5,255
No,5/22/2020,2020,21,1,Liquid Soap,1,64,64,780,111,780,111
No,5/22/2020,2020,21,2,Bar Soap,1.5,75,113,563,80,844.5,121
Yes,5/22/2020,2020,21,3,Candle,10,66,660,375,54,3750,536
Yes,5/22/2020,2020,21,4,Diffuser,15,65,975,338,48,5070,724
Yes,5/22/2020,2020,21,5,Hand Wash,5,66,330,356.5,51,1782.5,255
No,5/23/2020,2020,21,1,Liquid Soap,1,8,8,780,111,780,111
No,5/23/2020,2020,21,2,Bar Soap,1.5,25,38,563,80,844.5,121
No,5/23/2020,2020,21,3,Candle,10,21,210,375,54,3750,536
Yes,5/23/2020,2020,21,4,Diffuser,15,77,1155,338,48,5070,724
Yes,5/23/2020,2020,21,5,Hand Wash,5,71,355,356.5,51,1782.5,255
No,5/24/2020,2020,22,1,Liquid Soap,1,97,97,780,111,780,111
No,5/24/2020,2020,22,2,Bar Soap,1.5,58,87,563,80,844.5,121
Yes,5/24/2020,2020,22,3,Candle,10,79,790,375,54,3750,536
Yes,5/24/2020,2020,22,4,Diffuser,15,86,1290,338,48,5070,724
Yes,5/24/2020,2020,22,5,Hand Wash,5,67,335,356.5,51,1782.5,255
No,5/25/2020,2020,22,1,Liquid Soap,1,19,19,780,111,780,111
No,5/25/2020,2020,22,2,Bar Soap,1.5,59,89,563,80,844.5,121
Yes,5/25/2020,2020,22,3,Candle,10,99,990,375,54,3750,536
No,5/25/2020,2020,22,4,Diffuser,15,26,390,338,48,5070,724
No,5/25/2020,2020,22,5,Hand Wash,5,27,135,356.5,51,1782.5,255
No,5/26/2020,2020,22,1,Liquid Soap,1,58,58,780,111,780,111
Yes,5/26/2020,2020,22,2,Bar Soap,1.5,91,137,563,80,844.5,121
Yes,5/26/2020,2020,22,3,Candle,10,70,700,375,54,3750,536
No,5/26/2020,2020,22,4,Diffuser,15,45,675,338,48,5070,724
Yes,5/26/2020,2020,22,5,Hand Wash,5,83,415,356.5,51,1782.5,255
No,5/27/2020,2020,22,1,Liquid Soap,1,8,8,780,111,780,111
No,5/27/2020,2020,22,2,Bar Soap,1.5,70,105,563,80,844.5,121
No,5/27/2020,2020,22,3,Candle,10,48,480,375,54,3750,536
Yes,5/27/2020,2020,22,4,Diffuser,15,66,990,338,48,5070,724
No,5/27/2020,2020,22,5,Hand Wash,5,9,45,356.5,51,1782.5,255
No,5/28/2020,2020,22,1,Liquid Soap,1,83,83,780,111,780,111
No,5/28/2020,2020,22,2,Bar Soap,1.5,19,29,563,80,844.5,121
Yes,5/28/2020,2020,22,3,Candle,10,92,920,375,54,3750,536
No,5/28/2020,2020,22,4,Diffuser,15,24,360,338,48,5070,724
No,5/28/2020,2020,22,5,Hand Wash,5,39,195,356.5,51,1782.5,255
No,5/29/2020,2020,22,1,Liquid Soap,1,85,85,780,111,780,111
No,5/29/2020,2020,22,2,Bar Soap,1.5,63,95,563,80,844.5,121
No,5/29/2020,2020,22,3,Candle,10,11,110,375,54,3750,536
Yes,5/29/2020,2020,22,4,Diffuser,15,93,1395,338,48,5070,724
Yes,5/29/2020,2020,22,5,Hand Wash,5,86,430,356.5,51,1782.5,255
No,5/30/2020,2020,22,1,Liquid Soap,1,30,30,780,111,780,111
No,5/30/2020,2020,22,2,Bar Soap,1.5,49,74,563,80,844.5,121
Yes,5/30/2020,2020,22,3,Candle,10,97,970,375,54,3750,536
No,5/30/2020,2020,22,4,Diffuser,15,11,165,338,48,5070,724
No,5/30/2020,2020,22,5,Hand Wash,5,32,160,356.5,51,1782.5,255
No,5/31/2020,2020,23,1,Liquid Soap,1,100,100,780,111,780,111
No,5/31/2020,2020,23,2,Bar Soap,1.5,2,3,563,80,844.5,121
Yes,5/31/2020,2020,23,3,Candle,10,81,810,375,54,3750,536
Yes,5/31/2020,2020,23,4,Diffuser,15,78,1170,338,48,5070,724
No,5/31/2020,2020,23,5,Hand Wash,5,43,215,356.5,51,1782.5,255
No,6/1/2020,2020,23,1,Liquid Soap,1,67,67,780,111,780,111
Yes,6/1/2020,2020,23,2,Bar Soap,1.5,97,146,563,80,844.5,121
Yes,6/1/2020,2020,23,3,Candle,10,57,570,375,54,3750,536
No,6/1/2020,2020,23,4,Diffuser,15,31,465,338,48,5070,724
No,6/1/2020,2020,23,5,Hand Wash,5,45,225,356.5,51,1782.5,255
No,6/2/2020,2020,23,1,Liquid Soap,1,65,65,780,111,780,111
No,6/2/2020,2020,23,2,Bar Soap,1.5,59,89,563,80,844.5,121
No,6/2/2020,2020,23,3,Candle,10,33,330,375,54,3750,536
Yes,6/2/2020,2020,23,4,Diffuser,15,52,780,338,48,5070,724
No,6/2/2020,2020,23,5,Hand Wash,5,20,100,356.5,51,1782.5,255
No,6/3/2020,2020,23,1,Liquid Soap,1,87,87,780,111,780,111
No,6/3/2020,2020,23,2,Bar Soap,1.5,23,35,563,80,844.5,121
No,6/3/2020,2020,23,3,Candle,10,1,10,375,54,3750,536
Yes,6/3/2020,2020,23,4,Diffuser,15,80,1200,338,48,5070,724
No,6/3/2020,2020,23,5,Hand Wash,5,33,165,356.5,51,1782.5,255
No,6/4/2020,2020,23,1,Liquid Soap,1,78,78,780,111,780,111
No,6/4/2020,2020,23,2,Bar Soap,1.5,8,12,563,80,844.5,121
No,6/4/2020,2020,23,3,Candle,10,31,310,375,54,3750,536
No,6/4/2020,2020,23,4,Diffuser,15,36,540,338,48,5070,724
No,6/4/2020,2020,23,5,Hand Wash,5,10,50,356.5,51,1782.5,255
No,6/5/2020,2020,23,1,Liquid Soap,1,95,95,780,111,780,111
No,6/5/2020,2020,23,2,Bar Soap,1.5,72,108,563,80,844.5,121
Yes,6/5/2020,2020,23,3,Candle,10,73,730,375,54,3750,536
No,6/5/2020,2020,23,4,Diffuser,15,35,525,338,48,5070,724
Yes,6/5/2020,2020,23,5,Hand Wash,5,70,350,356.5,51,1782.5,255
No,6/6/2020,2020,23,1,Liquid Soap,1,74,74,780,111,780,111
No,6/6/2020,2020,23,2,Bar Soap,1.5,42,63,563,80,844.5,121
No,6/6/2020,2020,23,3,Candle,10,52,520,375,54,3750,536
No,6/6/2020,2020,23,4,Diffuser,15,11,165,338,48,5070,724
No,6/6/2020,2020,23,5,Hand Wash,5,36,180,356.5,51,1782.5,255
No,6/7/2020,2020,24,1,Liquid Soap,1,88,88,773,110,773,110
Yes,6/7/2020,2020,24,2,Bar Soap,1.5,88,132,563,80,844.5,121
Yes,6/7/2020,2020,24,3,Candle,10,65,650,375,54,3750,536
No,6/7/2020,2020,24,4,Diffuser,15,22,330,338,48,5070,724
No,6/7/2020,2020,24,5,Hand Wash,5,20,100,356.5,51,1782.5,255
No,6/8/2020,2020,24,1,Liquid Soap,1,10,10,773,110,773,110
Yes,6/8/2020,2020,24,2,Bar Soap,1.5,94,141,563,80,844.5,121
No,6/8/2020,2020,24,3,Candle,10,46,460,375,54,3750,536
No,6/8/2020,2020,24,4,Diffuser,15,40,600,338,48,5070,724
Yes,6/8/2020,2020,24,5,Hand Wash,5,68,340,356.5,51,1782.5,255
No,6/9/2020,2020,24,1,Liquid Soap,1,23,23,773,110,773,110
No,6/9/2020,2020,24,2,Bar Soap,1.5,75,113,563,80,844.5,121
Yes,6/9/2020,2020,24,3,Candle,10,80,800,375,54,3750,536
Yes,6/9/2020,2020,24,4,Diffuser,15,93,1395,338,48,5070,724
No,6/9/2020,2020,24,5,Hand Wash,5,39,195,356.5,51,1782.5,255
No,6/10/2020,2020,24,1,Liquid Soap,1,28,28,773,110,773,110
No,6/10/2020,2020,24,2,Bar Soap,1.5,62,93,563,80,844.5,121
No,6/10/2020,2020,24,3,Candle,10,24,240,375,54,3750,536
Yes,6/10/2020,2020,24,4,Diffuser,15,75,1125,338,48,5070,724
Yes,6/10/2020,2020,24,5,Hand Wash,5,59,295,356.5,51,1782.5,255
No,6/11/2020,2020,24,1,Liquid Soap,1,93,93,773,110,773,110
No,6/11/2020,2020,24,2,Bar Soap,1.5,51,77,563,80,844.5,121
Yes,6/11/2020,2020,24,3,Candle,10,84,840,375,54,3750,536
Yes,6/11/2020,2020,24,4,Diffuser,15,63,945,338,48,5070,724
No,6/11/2020,2020,24,5,Hand Wash,5,5,25,356.5,51,1782.5,255
No,6/12/2020,2020,24,1,Liquid Soap,1,94,94,773,110,773,110
Yes,6/12/2020,2020,24,2,Bar Soap,1.5,89,134,563,80,844.5,121
No,6/12/2020,2020,24,3,Candle,10,51,510,375,54,3750,536
No,6/12/2020,2020,24,4,Diffuser,15,19,285,338,48,5070,724
No,6/12/2020,2020,24,5,Hand Wash,5,32,160,356.5,51,1782.5,255
No,6/13/2020,2020,24,1,Liquid Soap,1,74,74,773,110,773,110
No,6/13/2020,2020,24,2,Bar Soap,1.5,20,30,563,80,844.5,121
No,6/13/2020,2020,24,3,Candle,10,16,160,375,54,3750,536
Yes,6/13/2020,2020,24,4,Diffuser,15,56,840,338,48,5070,724
Yes,6/13/2020,2020,24,5,Hand Wash,5,93,465,356.5,51,1782.5,255
No,6/14/2020,2020,25,1,Liquid Soap,1,19,19,773,110,773,110
No,6/14/2020,2020,25,2,Bar Soap,1.5,11,17,563,80,844.5,121
Yes,6/14/2020,2020,25,3,Candle,10,92,920,375,54,3750,536
Yes,6/14/2020,2020,25,4,Diffuser,15,70,1050,338,48,5070,724
Yes,6/14/2020,2020,25,5,Hand Wash,5,82,410,356.5,51,1782.5,255
No,6/15/2020,2020,25,1,Liquid Soap,1,38,38,773,110,773,110
No,6/15/2020,2020,25,2,Bar Soap,1.5,40,60,563,80,844.5,121
No,6/15/2020,2020,25,3,Candle,10,49,490,375,54,3750,536
Yes,6/15/2020,2020,25,4,Diffuser,15,54,810,338,48,5070,724
Yes,6/15/2020,2020,25,5,Hand Wash,5,90,450,356.5,51,1782.5,255
No,6/16/2020,2020,25,1,Liquid Soap,1,66,66,773,110,773,110
No,6/16/2020,2020,25,2,Bar Soap,1.5,44,66,563,80,844.5,121
Yes,6/16/2020,2020,25,3,Candle,10,75,750,375,54,3750,536
Yes,6/16/2020,2020,25,4,Diffuser,15,66,990,338,48,5070,724
No,6/16/2020,2020,25,5,Hand Wash,5,6,30,356.5,51,1782.5,255
No,6/17/2020,2020,25,1,Liquid Soap,1,5,5,773,110,773,110
Yes,6/17/2020,2020,25,2,Bar Soap,1.5,84,126,563,80,844.5,121
Yes,6/17/2020,2020,25,3,Candle,10,82,820,375,54,3750,536
Yes,6/17/2020,2020,25,4,Diffuser,15,51,765,338,48,5070,724
No,6/17/2020,2020,25,5,Hand Wash,5,29,145,356.5,51,1782.5,255
No,6/18/2020,2020,25,1,Liquid Soap,1,42,42,773,110,773,110
No,6/18/2020,2020,25,2,Bar Soap,1.5,57,86,563,80,844.5,121
Yes,6/18/2020,2020,25,3,Candle,10,68,680,375,54,3750,536
No,6/18/2020,2020,25,4,Diffuser,15,15,225,338,48,5070,724
No,6/18/2020,2020,25,5,Hand Wash,5,36,180,356.5,51,1782.5,255
No,6/19/2020,2020,25,1,Liquid Soap,1,45,45,773,110,773,110
No,6/19/2020,2020,25,2,Bar Soap,1.5,74,111,563,80,844.5,121
Yes,6/19/2020,2020,25,3,Candle,10,71,710,375,54,3750,536
Yes,6/19/2020,2020,25,4,Diffuser,15,82,1230,338,48,5070,724
Yes,6/19/2020,2020,25,5,Hand Wash,5,87,435,356.5,51,1782.5,255
No,6/20/2020,2020,25,1,Liquid Soap,1,24,24,773,110,773,110
No,6/20/2020,2020,25,2,Bar Soap,1.5,8,12,563,80,844.5,121
Yes,6/20/2020,2020,25,3,Candle,10,75,750,375,54,3750,536
Yes,6/20/2020,2020,25,4,Diffuser,15,57,855,338,48,5070,724
No,6/20/2020,2020,25,5,Hand Wash,5,39,195,356.5,51,1782.5,255
No,6/21/2020,2020,26,1,Liquid Soap,1,19,19,773,110,773,110
Yes,6/21/2020,2020,26,2,Bar Soap,1.5,86,129,563,80,844.5,121
Yes,6/21/2020,2020,26,3,Candle,10,84,840,375,54,3750,536
Yes,6/21/2020,2020,26,4,Diffuser,15,53,795,338,48,5070,724
No,6/21/2020,2020,26,5,Hand Wash,5,19,95,356.5,51,1782.5,255
No,6/22/2020,2020,26,1,Liquid Soap,1,63,63,773,110,773,110
No,6/22/2020,2020,26,2,Bar Soap,1.5,66,99,563,80,844.5,121
No,6/22/2020,2020,26,3,Candle,10,3,30,375,54,3750,536
No,6/22/2020,2020,26,4,Diffuser,15,11,165,338,48,5070,724
No,6/22/2020,2020,26,5,Hand Wash,5,38,190,356.5,51,1782.5,255
No,6/23/2020,2020,26,1,Liquid Soap,1,25,25,773,110,773,110
No,6/23/2020,2020,26,2,Bar Soap,1.5,78,117,563,80,844.5,121
Yes,6/23/2020,2020,26,3,Candle,10,93,930,375,54,3750,536
No,6/23/2020,2020,26,4,Diffuser,15,15,225,338,48,5070,724
Yes,6/23/2020,2020,26,5,Hand Wash,5,96,480,356.5,51,1782.5,255
No,6/24/2020,2020,26,1,Liquid Soap,1,5,5,773,110,773,110
No,6/24/2020,2020,26,2,Bar Soap,1.5,8,12,563,80,844.5,121
No,6/24/2020,2020,26,3,Candle,10,2,20,375,54,3750,536
No,6/24/2020,2020,26,4,Diffuser,15,4,60,338,48,5070,724
Yes,6/24/2020,2020,26,5,Hand Wash,5,98,490,356.5,51,1782.5,255
No,6/25/2020,2020,26,1,Liquid Soap,1,70,70,773,110,773,110
No,6/25/2020,2020,26,2,Bar Soap,1.5,9,14,563,80,844.5,121
No,6/25/2020,2020,26,3,Candle,10,5,50,375,54,3750,536
Yes,6/25/2020,2020,26,4,Diffuser,15,66,990,338,48,5070,724
Yes,6/25/2020,2020,26,5,Hand Wash,5,78,390,356.5,51,1782.5,255
No,6/26/2020,2020,26,1,Liquid Soap,1,87,87,773,110,773,110
No,6/26/2020,2020,26,2,Bar Soap,1.5,44,66,563,80,844.5,121
No,6/26/2020,2020,26,3,Candle,10,29,290,375,54,3750,536
No,6/26/2020,2020,26,4,Diffuser,15,29,435,338,48,5070,724
Yes,6/26/2020,2020,26,5,Hand Wash,5,96,480,356.5,51,1782.5,255
No,6/27/2020,2020,26,1,Liquid Soap,1,60,60,773,110,773,110
No,6/27/2020,2020,26,2,Bar Soap,1.5,6,9,563,80,844.5,121
No,6/27/2020,2020,26,3,Candle,10,3,30,375,54,3750,536
Yes,6/27/2020,2020,26,4,Diffuser,15,72,1080,338,48,5070,724
No,6/27/2020,2020,26,5,Hand Wash,5,4,20,356.5,51,1782.5,255
No,6/28/2020,2020,27,1,Liquid Soap,1,20,20,773,110,773,110
No,6/28/2020,2020,27,2,Bar Soap,1.5,72,108,563,80,844.5,121
Yes,6/28/2020,2020,27,3,Candle,10,87,870,375,54,3750,536
Yes,6/28/2020,2020,27,4,Diffuser,15,90,1350,338,48,5070,724
No,6/28/2020,2020,27,5,Hand Wash,5,36,180,356.5,51,1782.5,255
No,6/29/2020,2020,27,1,Liquid Soap,1,37,37,773,110,773,110
No,6/29/2020,2020,27,2,Bar Soap,1.5,73,110,563,80,844.5,121
Yes,6/29/2020,2020,27,3,Candle,10,95,950,375,54,3750,536
Yes,6/29/2020,2020,27,4,Diffuser,15,90,1350,338,48,5070,724
Yes,6/29/2020,2020,27,5,Hand Wash,5,79,395,356.5,51,1782.5,255
No,6/30/2020,2020,27,1,Liquid Soap,1,60,60,773,110,773,110
No,6/30/2020,2020,27,2,Bar Soap,1.5,80,120,563,80,844.5,121
Yes,6/30/2020,2020,27,3,Candle,10,58,580,375,54,3750,536
No,6/30/2020,2020,27,4,Diffuser,15,2,30,338,48,5070,724
No,6/30/2020,2020,27,5,Hand Wash,5,12,60,356.5,51,1782.5,255
No,7/1/2020,2020,27,1,Liquid Soap,1,74,74,773,110,773,110
No,7/1/2020,2020,27,2,Bar Soap,1.5,6,9,563,80,844.5,121
Yes,7/1/2020,2020,27,3,Candle,10,98,980,375,54,3750,536
Yes,7/1/2020,2020,27,4,Diffuser,15,80,1200,338,48,5070,724
Yes,7/1/2020,2020,27,5,Hand Wash,5,99,495,356.5,51,1782.5,255
No,7/2/2020,2020,27,1,Liquid Soap,1,73,73,773,110,773,110
No,7/2/2020,2020,27,2,Bar Soap,1.5,11,17,563,80,844.5,121
Yes,7/2/2020,2020,27,3,Candle,10,91,910,375,54,3750,536
No,7/2/2020,2020,27,4,Diffuser,15,14,210,338,48,5070,724
No,7/2/2020,2020,27,5,Hand Wash,5,16,80,356.5,51,1782.5,255
No,7/3/2020,2020,27,1,Liquid Soap,1,32,32,773,110,773,110
No,7/3/2020,2020,27,2,Bar Soap,1.5,51,77,563,80,844.5,121
No,7/3/2020,2020,27,3,Candle,10,19,190,375,54,3750,536
Yes,7/3/2020,2020,27,4,Diffuser,15,56,840,338,48,5070,724
Yes,7/3/2020,2020,27,5,Hand Wash,5,73,365,356.5,51,1782.5,255
No,7/4/2020,2020,27,1,Liquid Soap,1,56,56,773,110,773,110
No,7/4/2020,2020,27,2,Bar Soap,1.5,72,108,563,80,844.5,121
Yes,7/4/2020,2020,27,3,Candle,10,57,570,375,54,3750,536
Yes,7/4/2020,2020,27,4,Diffuser,15,59,885,338,48,5070,724
No,7/4/2020,2020,27,5,Hand Wash,5,13,65,356.5,51,1782.5,255
No,7/5/2020,2020,28,1,Liquid Soap,1,5,5,735,105,735,105
No,7/5/2020,2020,28,2,Bar Soap,1.5,15,23,563,80,844.5,121
No,7/5/2020,2020,28,3,Candle,10,46,460,375,54,3750,536
Yes,7/5/2020,2020,28,4,Diffuser,15,84,1260,338,48,5070,724
Yes,7/5/2020,2020,28,5,Hand Wash,5,56,280,356.5,51,1782.5,255
No,7/6/2020,2020,28,1,Liquid Soap,1,54,54,735,105,735,105
No,7/6/2020,2020,28,2,Bar Soap,1.5,22,33,563,80,844.5,121
No,7/6/2020,2020,28,3,Candle,10,6,60,375,54,3750,536
Yes,7/6/2020,2020,28,4,Diffuser,15,70,1050,338,48,5070,724
No,7/6/2020,2020,28,5,Hand Wash,5,26,130,356.5,51,1782.5,255
No,7/7/2020,2020,28,1,Liquid Soap,1,6,6,735,105,735,105
No,7/7/2020,2020,28,2,Bar Soap,1.5,66,99,563,80,844.5,121
No,7/7/2020,2020,28,3,Candle,10,51,510,375,54,3750,536
No,7/7/2020,2020,28,4,Diffuser,15,17,255,338,48,5070,724
No,7/7/2020,2020,28,5,Hand Wash,5,25,125,356.5,51,1782.5,255
No,7/8/2020,2020,28,1,Liquid Soap,1,1,1,735,105,735,105
No,7/8/2020,2020,28,2,Bar Soap,1.5,56,84,563,80,844.5,121
No,7/8/2020,2020,28,3,Candle,10,43,430,375,54,3750,536
Yes,7/8/2020,2020,28,4,Diffuser,15,69,1035,338,48,5070,724
No,7/8/2020,2020,28,5,Hand Wash,5,14,70,356.5,51,1782.5,255
No,7/9/2020,2020,28,1,Liquid Soap,1,25,25,735,105,735,105
No,7/9/2020,2020,28,2,Bar Soap,1.5,55,83,563,80,844.5,121
No,7/9/2020,2020,28,3,Candle,10,18,180,375,54,3750,536
Yes,7/9/2020,2020,28,4,Diffuser,15,95,1425,338,48,5070,724
Yes,7/9/2020,2020,28,5,Hand Wash,5,53,265,356.5,51,1782.5,255
No,7/10/2020,2020,28,1,Liquid Soap,1,30,30,735,105,735,105
No,7/10/2020,2020,28,2,Bar Soap,1.5,66,99,563,80,844.5,121
Yes,7/10/2020,2020,28,3,Candle,10,90,900,375,54,3750,536
No,7/10/2020,2020,28,4,Diffuser,15,44,660,338,48,5070,724
No,7/10/2020,2020,28,5,Hand Wash,5,24,120,356.5,51,1782.5,255
No,7/11/2020,2020,28,1,Liquid Soap,1,44,44,735,105,735,105
No,7/11/2020,2020,28,2,Bar Soap,1.5,35,53,563,80,844.5,121
No,7/11/2020,2020,28,3,Candle,10,32,320,375,54,3750,536
No,7/11/2020,2020,28,4,Diffuser,15,25,375,338,48,5070,724
Yes,7/11/2020,2020,28,5,Hand Wash,5,66,330,356.5,51,1782.5,255
No,7/12/2020,2020,29,1,Liquid Soap,1,50,50,728,104,728,104
No,7/12/2020,2020,29,2,Bar Soap,1.5,58,87,563,80,844.5,121
Yes,7/12/2020,2020,29,3,Candle,10,79,790,375,54,3750,536
No,7/12/2020,2020,29,4,Diffuser,15,25,375,338,48,5070,724
No,7/12/2020,2020,29,5,Hand Wash,5,28,140,356.5,51,1782.5,255
No,7/13/2020,2020,29,1,Liquid Soap,1,90,90,728,104,728,104
No,7/13/2020,2020,29,2,Bar Soap,1.5,38,57,563,80,844.5,121
No,7/13/2020,2020,29,3,Candle,10,1,10,375,54,3750,536
No,7/13/2020,2020,29,4,Diffuser,15,14,210,338,48,5070,724
Yes,7/13/2020,2020,29,5,Hand Wash,5,59,295,356.5,51,1782.5,255
No,7/14/2020,2020,29,1,Liquid Soap,1,92,92,728,104,728,104
No,7/14/2020,2020,29,2,Bar Soap,1.5,69,104,563,80,844.5,121
Yes,7/14/2020,2020,29,3,Candle,10,91,910,375,54,3750,536
Yes,7/14/2020,2020,29,4,Diffuser,15,76,1140,338,48,5070,724
No,7/14/2020,2020,29,5,Hand Wash,5,43,215,356.5,51,1782.5,255
No,7/15/2020,2020,29,1,Liquid Soap,1,91,91,728,104,728,104
No,7/15/2020,2020,29,2,Bar Soap,1.5,43,65,563,80,844.5,121
No,7/15/2020,2020,29,3,Candle,10,1,10,375,54,3750,536
No,7/15/2020,2020,29,4,Diffuser,15,45,675,338,48,5070,724
Yes,7/15/2020,2020,29,5,Hand Wash,5,59,295,356.5,51,1782.5,255
No,7/16/2020,2020,29,1,Liquid Soap,1,87,87,728,104,728,104
No,7/16/2020,2020,29,2,Bar Soap,1.5,72,108,563,80,844.5,121
No,7/16/2020,2020,29,3,Candle,10,40,400,375,54,3750,536
Yes,7/16/2020,2020,29,4,Diffuser,15,87,1305,338,48,5070,724
Yes,7/16/2020,2020,29,5,Hand Wash,5,61,305,356.5,51,1782.5,255
No,7/17/2020,2020,29,1,Liquid Soap,1,76,76,728,104,728,104
No,7/17/2020,2020,29,2,Bar Soap,1.5,1,2,563,80,844.5,121
No,7/17/2020,2020,29,3,Candle,10,7,70,375,54,3750,536
Yes,7/17/2020,2020,29,4,Diffuser,15,66,990,338,48,5070,724
No,7/17/2020,2020,29,5,Hand Wash,5,5,25,356.5,51,1782.5,255
No,7/18/2020,2020,29,1,Liquid Soap,1,90,90,728,104,728,104
No,7/18/2020,2020,29,2,Bar Soap,1.5,29,44,563,80,844.5,121
Yes,7/18/2020,2020,29,3,Candle,10,88,880,375,54,3750,536
Yes,7/18/2020,2020,29,4,Diffuser,15,72,1080,338,48,5070,724
Yes,7/18/2020,2020,29,5,Hand Wash,5,65,325,356.5,51,1782.5,255
No,7/19/2020,2020,30,1,Liquid Soap,1,3,3,728,104,728,104
Yes,7/19/2020,2020,30,2,Bar Soap,1.5,100,150,563,80,844.5,121
No,7/19/2020,2020,30,3,Candle,10,6,60,375,54,3750,536
Yes,7/19/2020,2020,30,4,Diffuser,15,51,765,338,48,5070,724
Yes,7/19/2020,2020,30,5,Hand Wash,5,73,365,356.5,51,1782.5,255
No,7/20/2020,2020,30,1,Liquid Soap,1,82,82,728,104,728,104
Yes,7/20/2020,2020,30,2,Bar Soap,1.5,88,132,563,80,844.5,121
No,7/20/2020,2020,30,3,Candle,10,48,480,375,54,3750,536
No,7/20/2020,2020,30,4,Diffuser,15,36,540,338,48,5070,724
Yes,7/20/2020,2020,30,5,Hand Wash,5,58,290,356.5,51,1782.5,255
No,7/21/2020,2020,30,1,Liquid Soap,1,76,76,728,104,728,104
No,7/21/2020,2020,30,2,Bar Soap,1.5,57,86,563,80,844.5,121
Yes,7/21/2020,2020,30,3,Candle,10,87,870,375,54,3750,536
Yes,7/21/2020,2020,30,4,Diffuser,15,94,1410,338,48,5070,724
Yes,7/21/2020,2020,30,5,Hand Wash,5,92,460,356.5,51,1782.5,255
No,7/22/2020,2020,30,1,Liquid Soap,1,46,46,728,104,728,104
Yes,7/22/2020,2020,30,2,Bar Soap,1.5,96,144,563,80,844.5,121
No,7/22/2020,2020,30,3,Candle,10,34,340,375,54,3750,536
No,7/22/2020,2020,30,4,Diffuser,15,20,300,338,48,5070,724
Yes,7/22/2020,2020,30,5,Hand Wash,5,67,335,356.5,51,1782.5,255
No,7/23/2020,2020,30,1,Liquid Soap,1,3,3,728,104,728,104
No,7/23/2020,2020,30,2,Bar Soap,1.5,10,15,563,80,844.5,121
No,7/23/2020,2020,30,3,Candle,10,42,420,375,54,3750,536
Yes,7/23/2020,2020,30,4,Diffuser,15,89,1335,338,48,5070,724
No,7/23/2020,2020,30,5,Hand Wash,5,12,60,356.5,51,1782.5,255
No,7/24/2020,2020,30,1,Liquid Soap,1,71,71,728,104,728,104
No,7/24/2020,2020,30,2,Bar Soap,1.5,56,84,563,80,844.5,121
Yes,7/24/2020,2020,30,3,Candle,10,86,860,375,54,3750,536
Yes,7/24/2020,2020,30,4,Diffuser,15,73,1095,338,48,5070,724
No,7/24/2020,2020,30,5,Hand Wash,5,20,100,356.5,51,1782.5,255
No,7/25/2020,2020,30,1,Liquid Soap,1,1,1,728,104,728,104
Yes,7/25/2020,2020,30,2,Bar Soap,1.5,81,122,563,80,844.5,121
Yes,7/25/2020,2020,30,3,Candle,10,74,740,375,54,3750,536
Yes,7/25/2020,2020,30,4,Diffuser,15,59,885,338,48,5070,724
Yes,7/25/2020,2020,30,5,Hand Wash,5,90,450,356.5,51,1782.5,255
No,7/26/2020,2020,31,1,Liquid Soap,1,70,70,728,104,728,104
No,7/26/2020,2020,31,2,Bar Soap,1.5,3,5,563,80,844.5,121
No,7/26/2020,2020,31,3,Candle,10,36,360,375,54,3750,536
No,7/26/2020,2020,31,4,Diffuser,15,16,240,338,48,5070,724
Yes,7/26/2020,2020,31,5,Hand Wash,5,73,365,356.5,51,1782.5,255
No,7/27/2020,2020,31,1,Liquid Soap,1,99,99,728,104,728,104
No,7/27/2020,2020,31,2,Bar Soap,1.5,12,18,563,80,844.5,121
No,7/27/2020,2020,31,3,Candle,10,21,210,375,54,3750,536
Yes,7/27/2020,2020,31,4,Diffuser,15,57,855,338,48,5070,724
Yes,7/27/2020,2020,31,5,Hand Wash,5,53,265,356.5,51,1782.5,255
No,7/28/2020,2020,31,1,Liquid Soap,1,6,6,728,104,728,104
No,7/28/2020,2020,31,2,Bar Soap,1.5,22,33,563,80,844.5,121
No,7/28/2020,2020,31,3,Candle,10,24,240,375,54,3750,536
Yes,7/28/2020,2020,31,4,Diffuser,15,58,870,338,48,5070,724
No,7/28/2020,2020,31,5,Hand Wash,5,47,235,356.5,51,1782.5,255
No,7/29/2020,2020,31,1,Liquid Soap,1,3,3,728,104,728,104
No,7/29/2020,2020,31,2,Bar Soap,1.5,30,45,563,80,844.5,121
Yes,7/29/2020,2020,31,3,Candle,10,80,800,375,54,3750,536
Yes,7/29/2020,2020,31,4,Diffuser,15,87,1305,338,48,5070,724
Yes,7/29/2020,2020,31,5,Hand Wash,5,92,460,356.5,51,1782.5,255
No,7/30/2020,2020,31,1,Liquid Soap,1,15,15,728,104,728,104
No,7/30/2020,2020,31,2,Bar Soap,1.5,49,74,563,80,844.5,121
No,7/30/2020,2020,31,3,Candle,10,35,350,375,54,3750,536
Yes,7/30/2020,2020,31,4,Diffuser,15,88,1320,338,48,5070,724
Yes,7/30/2020,2020,31,5,Hand Wash,5,53,265,356.5,51,1782.5,255
No,7/31/2020,2020,31,1,Liquid Soap,1,82,82,728,104,728,104
No,7/31/2020,2020,31,2,Bar Soap,1.5,56,84,563,80,844.5,121
No,7/31/2020,2020,31,3,Candle,10,7,70,375,54,3750,536
No,7/31/2020,2020,31,4,Diffuser,15,12,180,338,48,5070,724
No,7/31/2020,2020,31,5,Hand Wash,5,14,70,356.5,51,1782.5,255
No,8/1/2020,2020,31,1,Liquid Soap,1,56,56,728,104,728,104
Yes,8/1/2020,2020,31,2,Bar Soap,1.5,99,149,563,80,844.5,121
No,8/1/2020,2020,31,3,Candle,10,16,160,375,54,3750,536
Yes,8/1/2020,2020,31,4,Diffuser,15,78,1170,338,48,5070,724
Yes,8/1/2020,2020,31,5,Hand Wash,5,91,455,356.5,51,1782.5,255
No,8/2/2020,2020,32,1,Liquid Soap,1,49,49,750,107,750,107
Yes,8/2/2020,2020,32,2,Bar Soap,1.5,99,149,563,80,844.5,121
No,8/2/2020,2020,32,3,Candle,10,12,120,375,54,3750,536
Yes,8/2/2020,2020,32,4,Diffuser,15,99,1485,225,32,3375,482
No,8/2/2020,2020,32,5,Hand Wash,5,40,200,375,54,1875,268
No,8/3/2020,2020,32,1,Liquid Soap,1,11,11,750,107,750,107
No,8/3/2020,2020,32,2,Bar Soap,1.5,58,87,563,80,844.5,121
No,8/3/2020,2020,32,3,Candle,10,30,300,375,54,3750,536
No,8/3/2020,2020,32,4,Diffuser,15,31,465,225,32,3375,482
No,8/3/2020,2020,32,5,Hand Wash,5,40,200,375,54,1875,268
No,8/4/2020,2020,32,1,Liquid Soap,1,4,4,750,107,750,107
Yes,8/4/2020,2020,32,2,Bar Soap,1.5,95,143,563,80,844.5,121
Yes,8/4/2020,2020,32,3,Candle,10,67,670,375,54,3750,536
No,8/4/2020,2020,32,4,Diffuser,15,32,480,225,32,3375,482
Yes,8/4/2020,2020,32,5,Hand Wash,5,92,460,375,54,1875,268
No,8/5/2020,2020,32,1,Liquid Soap,1,4,4,750,107,750,107
No,8/5/2020,2020,32,2,Bar Soap,1.5,43,65,563,80,844.5,121
No,8/5/2020,2020,32,3,Candle,10,48,480,375,54,3750,536
No,8/5/2020,2020,32,4,Diffuser,15,10,150,225,32,3375,482
Yes,8/5/2020,2020,32,5,Hand Wash,5,58,290,375,54,1875,268
No,8/6/2020,2020,32,1,Liquid Soap,1,57,57,750,107,750,107
No,8/6/2020,2020,32,2,Bar Soap,1.5,52,78,563,80,844.5,121
No,8/6/2020,2020,32,3,Candle,10,33,330,375,54,3750,536
Yes,8/6/2020,2020,32,4,Diffuser,15,75,1125,225,32,3375,482
No,8/6/2020,2020,32,5,Hand Wash,5,13,65,375,54,1875,268
No,8/7/2020,2020,32,1,Liquid Soap,1,53,53,750,107,750,107
Yes,8/7/2020,2020,32,2,Bar Soap,1.5,81,122,563,80,844.5,121
No,8/7/2020,2020,32,3,Candle,10,26,260,375,54,3750,536
Yes,8/7/2020,2020,32,4,Diffuser,15,47,705,225,32,3375,482
Yes,8/7/2020,2020,32,5,Hand Wash,5,58,290,375,54,1875,268
No,8/8/2020,2020,32,1,Liquid Soap,1,29,29,750,107,750,107
Yes,8/8/2020,2020,32,2,Bar Soap,1.5,99,149,563,80,844.5,121
No,8/8/2020,2020,32,3,Candle,10,30,300,375,54,3750,536
Yes,8/8/2020,2020,32,4,Diffuser,15,73,1095,225,32,3375,482
No,8/8/2020,2020,32,5,Hand Wash,5,47,235,375,54,1875,268
No,8/9/2020,2020,33,1,Liquid Soap,1,80,80,765,109,765,109
No,8/9/2020,2020,33,2,Bar Soap,1.5,27,41,563,80,844.5,121
No,8/9/2020,2020,33,3,Candle,10,26,260,375,54,3750,536
Yes,8/9/2020,2020,33,4,Diffuser,15,38,570,225,32,3375,482
Yes,8/9/2020,2020,33,5,Hand Wash,5,62,310,375,54,1875,268
No,8/10/2020,2020,33,1,Liquid Soap,1,39,39,765,109,765,109
No,8/10/2020,2020,33,2,Bar Soap,1.5,23,35,563,80,844.5,121
Yes,8/10/2020,2020,33,3,Candle,10,57,570,375,54,3750,536
Yes,8/10/2020,2020,33,4,Diffuser,15,57,855,225,32,3375,482
No,8/10/2020,2020,33,5,Hand Wash,5,29,145,375,54,1875,268
No,8/11/2020,2020,33,1,Liquid Soap,1,41,41,765,109,765,109
No,8/11/2020,2020,33,2,Bar Soap,1.5,14,21,563,80,844.5,121
No,8/11/2020,2020,33,3,Candle,10,10,100,375,54,3750,536
Yes,8/11/2020,2020,33,4,Diffuser,15,50,750,225,32,3375,482
Yes,8/11/2020,2020,33,5,Hand Wash,5,89,445,375,54,1875,268
No,8/12/2020,2020,33,1,Liquid Soap,1,52,52,765,109,765,109
No,8/12/2020,2020,33,2,Bar Soap,1.5,79,119,563,80,844.5,121
Yes,8/12/2020,2020,33,3,Candle,10,61,610,375,54,3750,536
Yes,8/12/2020,2020,33,4,Diffuser,15,96,1440,225,32,3375,482
Yes,8/12/2020,2020,33,5,Hand Wash,5,63,315,375,54,1875,268
No,8/13/2020,2020,33,1,Liquid Soap,1,43,43,765,109,765,109
Yes,8/13/2020,2020,33,2,Bar Soap,1.5,88,132,563,80,844.5,121
No,8/13/2020,2020,33,3,Candle,10,42,420,375,54,3750,536
Yes,8/13/2020,2020,33,4,Diffuser,15,55,825,225,32,3375,482
No,8/13/2020,2020,33,5,Hand Wash,5,47,235,375,54,1875,268
No,8/14/2020,2020,33,1,Liquid Soap,1,91,91,765,109,765,109
No,8/14/2020,2020,33,2,Bar Soap,1.5,63,95,563,80,844.5,121
Yes,8/14/2020,2020,33,3,Candle,10,88,880,375,54,3750,536
Yes,8/14/2020,2020,33,4,Diffuser,15,88,1320,225,32,3375,482
Yes,8/14/2020,2020,33,5,Hand Wash,5,58,290,375,54,1875,268
No,8/15/2020,2020,33,1,Liquid Soap,1,1,1,765,109,765,109
No,8/15/2020,2020,33,2,Bar Soap,1.5,76,114,563,80,844.5,121
Yes,8/15/2020,2020,33,3,Candle,10,87,870,375,54,3750,536
No,8/15/2020,2020,33,4,Diffuser,15,1,15,225,32,3375,482
No,8/15/2020,2020,33,5,Hand Wash,5,23,115,375,54,1875,268
No,8/16/2020,2020,34,1,Liquid Soap,1,3,3,765,109,765,109
No,8/16/2020,2020,34,2,Bar Soap,1.5,46,69,563,80,844.5,121
No,8/16/2020,2020,34,3,Candle,10,33,330,525,75,5250,750
Yes,8/16/2020,2020,34,4,Diffuser,15,82,1230,225,32,3375,482
Yes,8/16/2020,2020,34,5,Hand Wash,5,90,450,375,54,1875,268
No,8/17/2020,2020,34,1,Liquid Soap,1,60,60,765,109,765,109
Yes,8/17/2020,2020,34,2,Bar Soap,1.5,88,132,563,80,844.5,121
No,8/17/2020,2020,34,3,Candle,10,37,370,525,75,5250,750
Yes,8/17/2020,2020,34,4,Diffuser,15,79,1185,225,32,3375,482
No,8/17/2020,2020,34,5,Hand Wash,5,6,30,375,54,1875,268
No,8/18/2020,2020,34,1,Liquid Soap,1,6,6,765,109,765,109
No,8/18/2020,2020,34,2,Bar Soap,1.5,55,83,563,80,844.5,121
Yes,8/18/2020,2020,34,3,Candle,10,75,750,525,75,5250,750
No,8/18/2020,2020,34,4,Diffuser,15,12,180,225,32,3375,482
Yes,8/18/2020,2020,34,5,Hand Wash,5,74,370,375,54,1875,268
No,8/19/2020,2020,34,1,Liquid Soap,1,43,43,765,109,765,109
No,8/19/2020,2020,34,2,Bar Soap,1.5,18,27,563,80,844.5,121
Yes,8/19/2020,2020,34,3,Candle,10,100,1000,525,75,5250,750
No,8/19/2020,2020,34,4,Diffuser,15,10,150,225,32,3375,482
No,8/19/2020,2020,34,5,Hand Wash,5,48,240,375,54,1875,268
No,8/20/2020,2020,34,1,Liquid Soap,1,55,55,765,109,765,109
Yes,8/20/2020,2020,34,2,Bar Soap,1.5,83,125,563,80,844.5,121
No,8/20/2020,2020,34,3,Candle,10,62,620,525,75,5250,750
Yes,8/20/2020,2020,34,4,Diffuser,15,88,1320,225,32,3375,482
No,8/20/2020,2020,34,5,Hand Wash,5,47,235,375,54,1875,268
No,8/21/2020,2020,34,1,Liquid Soap,1,19,19,765,109,765,109
No,8/21/2020,2020,34,2,Bar Soap,1.5,49,74,563,80,844.5,121
No,8/21/2020,2020,34,3,Candle,10,45,450,525,75,5250,750
No,8/21/2020,2020,34,4,Diffuser,15,17,255,225,32,3375,482
Yes,8/21/2020,2020,34,5,Hand Wash,5,100,500,375,54,1875,268
No,8/22/2020,2020,34,1,Liquid Soap,1,79,79,765,109,765,109
No,8/22/2020,2020,34,2,Bar Soap,1.5,73,110,563,80,844.5,121
Yes,8/22/2020,2020,34,3,Candle,10,82,820,525,75,5250,750
Yes,8/22/2020,2020,34,4,Diffuser,15,57,855,225,32,3375,482
Yes,8/22/2020,2020,34,5,Hand Wash,5,95,475,375,54,1875,268
No,8/23/2020,2020,35,1,Liquid Soap,1,36,36,765,109,765,109
No,8/23/2020,2020,35,2,Bar Soap,1.5,23,35,638,91,957,137
Yes,8/23/2020,2020,35,3,Candle,10,92,920,525,75,5250,750
Yes,8/23/2020,2020,35,4,Diffuser,15,75,1125,225,32,3375,482
Yes,8/23/2020,2020,35,5,Hand Wash,5,89,445,375,54,1875,268
No,8/24/2020,2020,35,1,Liquid Soap,1,2,2,765,109,765,109
No,8/24/2020,2020,35,2,Bar Soap,1.5,10,15,638,91,957,137
Yes,8/24/2020,2020,35,3,Candle,10,92,920,525,75,5250,750
Yes,8/24/2020,2020,35,4,Diffuser,15,74,1110,225,32,3375,482
Yes,8/24/2020,2020,35,5,Hand Wash,5,88,440,375,54,1875,268
No,8/25/2020,2020,35,1,Liquid Soap,1,53,53,765,109,765,109
Yes,8/25/2020,2020,35,2,Bar Soap,1.5,96,144,638,91,957,137
No,8/25/2020,2020,35,3,Candle,10,74,740,525,75,5250,750
No,8/25/2020,2020,35,4,Diffuser,15,2,30,225,32,3375,482
No,8/25/2020,2020,35,5,Hand Wash,5,51,255,375,54,1875,268
No,8/26/2020,2020,35,1,Liquid Soap,1,76,76,765,109,765,109
No,8/26/2020,2020,35,2,Bar Soap,1.5,47,71,638,91,957,137
No,8/26/2020,2020,35,3,Candle,10,70,700,525,75,5250,750
Yes,8/26/2020,2020,35,4,Diffuser,15,84,1260,225,32,3375,482
Yes,8/26/2020,2020,35,5,Hand Wash,5,73,365,375,54,1875,268
No,8/27/2020,2020,35,1,Liquid Soap,1,85,85,765,109,765,109
No,8/27/2020,2020,35,2,Bar Soap,1.5,82,123,638,91,957,137
No,8/27/2020,2020,35,3,Candle,10,32,320,525,75,5250,750
No,8/27/2020,2020,35,4,Diffuser,15,8,120,225,32,3375,482
Yes,8/27/2020,2020,35,5,Hand Wash,5,64,320,375,54,1875,268
No,8/28/2020,2020,35,1,Liquid Soap,1,32,32,765,109,765,109
No,8/28/2020,2020,35,2,Bar Soap,1.5,83,125,638,91,957,137
Yes,8/28/2020,2020,35,3,Candle,10,98,980,525,75,5250,750
No,8/28/2020,2020,35,4,Diffuser,15,14,210,225,32,3375,482
No,8/28/2020,2020,35,5,Hand Wash,5,19,95,375,54,1875,268
No,8/29/2020,2020,35,1,Liquid Soap,1,60,60,765,109,765,109
Yes,8/29/2020,2020,35,2,Bar Soap,1.5,96,144,638,91,957,137
Yes,8/29/2020,2020,35,3,Candle,10,95,950,525,75,5250,750
Yes,8/29/2020,2020,35,4,Diffuser,15,74,1110,225,32,3375,482
No,8/29/2020,2020,35,5,Hand Wash,5,22,110,375,54,1875,268
No,8/30/2020,2020,36,1,Liquid Soap,1,61,61,765,109,765,109
No,8/30/2020,2020,36,2,Bar Soap,1.5,68,102,638,91,957,137
No,8/30/2020,2020,36,3,Candle,10,20,200,525,75,5250,750
No,8/30/2020,2020,36,4,Diffuser,15,9,135,225,32,3375,482
Yes,8/30/2020,2020,36,5,Hand Wash,5,62,310,375,54,1875,268
No,8/31/2020,2020,36,1,Liquid Soap,1,74,74,765,109,765,109
No,8/31/2020,2020,36,2,Bar Soap,1.5,49,74,638,91,957,137
No,8/31/2020,2020,36,3,Candle,10,21,210,525,75,5250,750
Yes,8/31/2020,2020,36,4,Diffuser,15,72,1080,225,32,3375,482
Yes,8/31/2020,2020,36,5,Hand Wash,5,61,305,375,54,1875,268
No,9/1/2020,2020,36,1,Liquid Soap,1,100,100,765,109,765,109
No,9/1/2020,2020,36,2,Bar Soap,1.5,58,87,638,91,957,137
Yes,9/1/2020,2020,36,3,Candle,10,92,920,525,75,5250,750
No,9/1/2020,2020,36,4,Diffuser,15,9,135,225,32,3375,482
No,9/1/2020,2020,36,5,Hand Wash,5,28,140,375,54,1875,268
No,9/2/2020,2020,36,1,Liquid Soap,1,84,84,765,109,765,109
No,9/2/2020,2020,36,2,Bar Soap,1.5,27,41,638,91,957,137
No,9/2/2020,2020,36,3,Candle,10,12,120,525,75,5250,750
Yes,9/2/2020,2020,36,4,Diffuser,15,38,570,225,32,3375,482
No,9/2/2020,2020,36,5,Hand Wash,5,18,90,375,54,1875,268
No,9/3/2020,2020,36,1,Liquid Soap,1,99,99,765,109,765,109
No,9/3/2020,2020,36,2,Bar Soap,1.5,56,84,638,91,957,137
No,9/3/2020,2020,36,3,Candle,10,51,510,525,75,5250,750
No,9/3/2020,2020,36,4,Diffuser,15,31,465,225,32,3375,482
No,9/3/2020,2020,36,5,Hand Wash,5,27,135,375,54,1875,268
No,9/4/2020,2020,36,1,Liquid Soap,1,33,33,765,109,765,109
Yes,9/4/2020,2020,36,2,Bar Soap,1.5,92,138,638,91,957,137
No,9/4/2020,2020,36,3,Candle,10,30,300,525,75,5250,750
Yes,9/4/2020,2020,36,4,Diffuser,15,58,870,225,32,3375,482
Yes,9/4/2020,2020,36,5,Hand Wash,5,71,355,375,54,1875,268
No,9/5/2020,2020,36,1,Liquid Soap,1,15,15,765,109,765,109
No,9/5/2020,2020,36,2,Bar Soap,1.5,35,53,638,91,957,137
No,9/5/2020,2020,36,3,Candle,10,30,300,525,75,5250,750
Yes,9/5/2020,2020,36,4,Diffuser,15,47,705,225,32,3375,482
Yes,9/5/2020,2020,36,5,Hand Wash,5,91,455,375,54,1875,268
No,9/6/2020,2020,37,1,Liquid Soap,1,92,92,765,109,765,109
No,9/6/2020,2020,37,2,Bar Soap,1.5,3,5,638,91,957,137
Yes,9/6/2020,2020,37,3,Candle,10,78,780,525,75,5250,750
Yes,9/6/2020,2020,37,4,Diffuser,15,79,1185,225,32,3375,482
No,9/6/2020,2020,37,5,Hand Wash,5,23,115,375,54,1875,268
No,9/7/2020,2020,37,1,Liquid Soap,1,51,51,765,109,765,109
No,9/7/2020,2020,37,2,Bar Soap,1.5,12,18,638,91,957,137
No,9/7/2020,2020,37,3,Candle,10,13,130,525,75,5250,750
Yes,9/7/2020,2020,37,4,Diffuser,15,58,870,225,32,3375,482
No,9/7/2020,2020,37,5,Hand Wash,5,53,265,375,54,1875,268
No,9/8/2020,2020,37,1,Liquid Soap,1,23,23,765,109,765,109
No,9/8/2020,2020,37,2,Bar Soap,1.5,79,119,638,91,957,137
No,9/8/2020,2020,37,3,Candle,10,36,360,525,75,5250,750
No,9/8/2020,2020,37,4,Diffuser,15,26,390,225,32,3375,482
Yes,9/8/2020,2020,37,5,Hand Wash,5,71,355,375,54,1875,268
No,9/9/2020,2020,37,1,Liquid Soap,1,83,83,765,109,765,109
No,9/9/2020,2020,37,2,Bar Soap,1.5,18,27,638,91,957,137
Yes,9/9/2020,2020,37,3,Candle,10,94,940,525,75,5250,750
Yes,9/9/2020,2020,37,4,Diffuser,15,74,1110,225,32,3375,482
No,9/9/2020,2020,37,5,Hand Wash,5,31,155,375,54,1875,268
No,9/10/2020,2020,37,1,Liquid Soap,1,80,80,765,109,765,109
No,9/10/2020,2020,37,2,Bar Soap,1.5,43,65,638,91,957,137
No,9/10/2020,2020,37,3,Candle,10,1,10,525,75,5250,750
Yes,9/10/2020,2020,37,4,Diffuser,15,100,1500,225,32,3375,482
Yes,9/10/2020,2020,37,5,Hand Wash,5,93,465,375,54,1875,268
No,9/11/2020,2020,37,1,Liquid Soap,1,11,11,765,109,765,109
No,9/11/2020,2020,37,2,Bar Soap,1.5,23,35,638,91,957,137
No,9/11/2020,2020,37,3,Candle,10,22,220,525,75,5250,750
No,9/11/2020,2020,37,4,Diffuser,15,27,405,225,32,3375,482
No,9/11/2020,2020,37,5,Hand Wash,5,22,110,375,54,1875,268
No,9/12/2020,2020,37,1,Liquid Soap,1,39,39,765,109,765,109
No,9/12/2020,2020,37,2,Bar Soap,1.5,87,131,638,91,957,137
No,9/12/2020,2020,37,3,Candle,10,18,180,525,75,5250,750
Yes,9/12/2020,2020,37,4,Diffuser,15,74,1110,225,32,3375,482
Yes,9/12/2020,2020,37,5,Hand Wash,5,56,280,375,54,1875,268
No,9/13/2020,2020,38,1,Liquid Soap,1,93,93,765,109,765,109
No,9/13/2020,2020,38,2,Bar Soap,1.5,80,120,638,91,957,137
No,9/13/2020,2020,38,3,Candle,10,15,150,525,75,5250,750
Yes,9/13/2020,2020,38,4,Diffuser,15,57,855,225,32,3375,482
No,9/13/2020,2020,38,5,Hand Wash,5,50,250,375,54,1875,268
No,9/14/2020,2020,38,1,Liquid Soap,1,96,96,765,109,765,109
No,9/14/2020,2020,38,2,Bar Soap,1.5,30,45,638,91,957,137
Yes,9/14/2020,2020,38,3,Candle,10,78,780,525,75,5250,750
Yes,9/14/2020,2020,38,4,Diffuser,15,95,1425,225,32,3375,482
Yes,9/14/2020,2020,38,5,Hand Wash,5,92,460,375,54,1875,268
No,9/15/2020,2020,38,1,Liquid Soap,1,100,100,765,109,765,109
No,9/15/2020,2020,38,2,Bar Soap,1.5,53,80,638,91,957,137
No,9/15/2020,2020,38,3,Candle,10,37,370,525,75,5250,750
Yes,9/15/2020,2020,38,4,Diffuser,15,53,795,225,32,3375,482
No,9/15/2020,2020,38,5,Hand Wash,5,42,210,375,54,1875,268
No,9/16/2020,2020,38,1,Liquid Soap,1,84,84,765,109,765,109
No,9/16/2020,2020,38,2,Bar Soap,1.5,66,99,638,91,957,137
No,9/16/2020,2020,38,3,Candle,10,26,260,525,75,5250,750
Yes,9/16/2020,2020,38,4,Diffuser,15,35,525,225,32,3375,482
No,9/16/2020,2020,38,5,Hand Wash,5,27,135,375,54,1875,268
No,9/17/2020,2020,38,1,Liquid Soap,1,8,8,765,109,765,109
No,9/17/2020,2020,38,2,Bar Soap,1.5,28,42,638,91,957,137
Yes,9/17/2020,2020,38,3,Candle,10,96,960,525,75,5250,750
Yes,9/17/2020,2020,38,4,Diffuser,15,51,765,225,32,3375,482
Yes,9/17/2020,2020,38,5,Hand Wash,5,75,375,375,54,1875,268
No,9/18/2020,2020,38,1,Liquid Soap,1,65,65,765,109,765,109
No,9/18/2020,2020,38,2,Bar Soap,1.5,90,135,638,91,957,137
Yes,9/18/2020,2020,38,3,Candle,10,99,990,525,75,5250,750
Yes,9/18/2020,2020,38,4,Diffuser,15,99,1485,225,32,3375,482
No,9/18/2020,2020,38,5,Hand Wash,5,46,230,375,54,1875,268
No,9/19/2020,2020,38,1,Liquid Soap,1,95,95,765,109,765,109
No,9/19/2020,2020,38,2,Bar Soap,1.5,16,24,638,91,957,137
No,9/19/2020,2020,38,3,Candle,10,5,50,525,75,5250,750
Yes,9/19/2020,2020,38,4,Diffuser,15,36,540,225,32,3375,482
No,9/19/2020,2020,38,5,Hand Wash,5,52,260,375,54,1875,268
No,9/20/2020,2020,39,1,Liquid Soap,1,54,54,765,109,765,109
No,9/20/2020,2020,39,2,Bar Soap,1.5,87,131,638,91,957,137
No,9/20/2020,2020,39,3,Candle,10,69,690,525,75,5250,750
No,9/20/2020,2020,39,4,Diffuser,15,26,390,225,32,3375,482
No,9/20/2020,2020,39,5,Hand Wash,5,9,45,375,54,1875,268
No,9/21/2020,2020,39,1,Liquid Soap,1,58,58,765,109,765,109
Yes,9/21/2020,2020,39,2,Bar Soap,1.5,96,144,638,91,957,137
Yes,9/21/2020,2020,39,3,Candle,10,78,780,525,75,5250,750
Yes,9/21/2020,2020,39,4,Diffuser,15,33,495,225,32,3375,482
Yes,9/21/2020,2020,39,5,Hand Wash,5,65,325,375,54,1875,268
No,9/22/2020,2020,39,1,Liquid Soap,1,30,30,765,109,765,109
No,9/22/2020,2020,39,2,Bar Soap,1.5,32,48,638,91,957,137
No,9/22/2020,2020,39,3,Candle,10,14,140,525,75,5250,750
No,9/22/2020,2020,39,4,Diffuser,15,18,270,225,32,3375,482
No,9/22/2020,2020,39,5,Hand Wash,5,39,195,375,54,1875,268
No,9/23/2020,2020,39,1,Liquid Soap,1,46,46,765,109,765,109
No,9/23/2020,2020,39,2,Bar Soap,1.5,89,134,638,91,957,137
No,9/23/2020,2020,39,3,Candle,10,32,320,525,75,5250,750
No,9/23/2020,2020,39,4,Diffuser,15,30,450,225,32,3375,482
Yes,9/23/2020,2020,39,5,Hand Wash,5,85,425,375,54,1875,268
No,9/24/2020,2020,39,1,Liquid Soap,1,11,11,765,109,765,109
No,9/24/2020,2020,39,2,Bar Soap,1.5,65,98,638,91,957,137
No,9/24/2020,2020,39,3,Candle,10,55,550,525,75,5250,750
Yes,9/24/2020,2020,39,4,Diffuser,15,90,1350,225,32,3375,482
No,9/24/2020,2020,39,5,Hand Wash,5,31,155,375,54,1875,268
No,9/25/2020,2020,39,1,Liquid Soap,1,54,54,765,109,765,109
No,9/25/2020,2020,39,2,Bar Soap,1.5,25,38,638,91,957,137
No,9/25/2020,2020,39,3,Candle,10,21,210,525,75,5250,750
No,9/25/2020,2020,39,4,Diffuser,15,3,45,225,32,3375,482
Yes,9/25/2020,2020,39,5,Hand Wash,5,62,310,375,54,1875,268
No,9/26/2020,2020,39,1,Liquid Soap,1,73,73,765,109,765,109
No,9/26/2020,2020,39,2,Bar Soap,1.5,78,117,638,91,957,137
Yes,9/26/2020,2020,39,3,Candle,10,78,780,525,75,5250,750
Yes,9/26/2020,2020,39,4,Diffuser,15,37,555,225,32,3375,482
No,9/26/2020,2020,39,5,Hand Wash,5,36,180,375,54,1875,268
No,9/27/2020,2020,40,1,Liquid Soap,1,60,60,765,109,765,109
No,9/27/2020,2020,40,2,Bar Soap,1.5,78,117,713,102,1069.5,153
No,9/27/2020,2020,40,3,Candle,10,38,380,525,75,5250,750
No,9/27/2020,2020,40,4,Diffuser,15,3,45,225,32,3375,482
Yes,9/27/2020,2020,40,5,Hand Wash,5,60,300,375,54,1875,268
No,9/28/2020,2020,40,1,Liquid Soap,1,80,80,765,109,765,109
No,9/28/2020,2020,40,2,Bar Soap,1.5,2,3,713,102,1069.5,153
Yes,9/28/2020,2020,40,3,Candle,10,95,950,525,75,5250,750
Yes,9/28/2020,2020,40,4,Diffuser,15,60,900,225,32,3375,482
No,9/28/2020,2020,40,5,Hand Wash,5,30,150,375,54,1875,268
No,9/29/2020,2020,40,1,Liquid Soap,1,21,21,765,109,765,109
No,9/29/2020,2020,40,2,Bar Soap,1.5,55,83,713,102,1069.5,153
No,9/29/2020,2020,40,3,Candle,10,63,630,525,75,5250,750
Yes,9/29/2020,2020,40,4,Diffuser,15,42,630,225,32,3375,482
No,9/29/2020,2020,40,5,Hand Wash,5,12,60,375,54,1875,268
No,9/30/2020,2020,40,1,Liquid Soap,1,100,100,765,109,765,109
No,9/30/2020,2020,40,2,Bar Soap,1.5,16,24,713,102,1069.5,153
No,9/30/2020,2020,40,3,Candle,10,49,490,525,75,5250,750
No,9/30/2020,2020,40,4,Diffuser,15,31,465,225,32,3375,482
No,9/30/2020,2020,40,5,Hand Wash,5,26,130,375,54,1875,268
No,10/1/2020,2020,40,1,Liquid Soap,1,41,41,765,109,765,109
No,10/1/2020,2020,40,2,Bar Soap,1.5,13,20,713,102,1069.5,153
No,10/1/2020,2020,40,3,Candle,10,1,10,525,75,5250,750
Yes,10/1/2020,2020,40,4,Diffuser,15,72,1080,225,32,3375,482
No,10/1/2020,2020,40,5,Hand Wash,5,46,230,375,54,1875,268
No,10/2/2020,2020,40,1,Liquid Soap,1,11,11,765,109,765,109
No,10/2/2020,2020,40,2,Bar Soap,1.5,6,9,713,102,1069.5,153
Yes,10/2/2020,2020,40,3,Candle,10,84,840,525,75,5250,750
No,10/2/2020,2020,40,4,Diffuser,15,1,15,225,32,3375,482
Yes,10/2/2020,2020,40,5,Hand Wash,5,63,315,375,54,1875,268
No,10/3/2020,2020,40,1,Liquid Soap,1,78,78,765,109,765,109
No,10/3/2020,2020,40,2,Bar Soap,1.5,58,87,713,102,1069.5,153
Yes,10/3/2020,2020,40,3,Candle,10,93,930,525,75,5250,750
No,10/3/2020,2020,40,4,Diffuser,15,24,360,225,32,3375,482
Yes,10/3/2020,2020,40,5,Hand Wash,5,57,285,375,54,1875,268
No,10/4/2020,2020,41,1,Liquid Soap,1,80,80,765,109,765,109
No,10/4/2020,2020,41,2,Bar Soap,1.5,20,30,713,102,1069.5,153
Yes,10/4/2020,2020,41,3,Candle,10,84,840,525,75,5250,750
Yes,10/4/2020,2020,41,4,Diffuser,15,60,900,225,32,3375,482
No,10/4/2020,2020,41,5,Hand Wash,5,2,10,394,56,1970,281
No,10/5/2020,2020,41,1,Liquid Soap,1,59,59,765,109,765,109
No,10/5/2020,2020,41,2,Bar Soap,1.5,54,81,713,102,1069.5,153
No,10/5/2020,2020,41,3,Candle,10,38,380,525,75,5250,750
Yes,10/5/2020,2020,41,4,Diffuser,15,75,1125,225,32,3375,482
No,10/5/2020,2020,41,5,Hand Wash,5,11,55,394,56,1970,281
No,10/6/2020,2020,41,1,Liquid Soap,1,98,98,765,109,765,109
No,10/6/2020,2020,41,2,Bar Soap,1.5,19,29,713,102,1069.5,153
No,10/6/2020,2020,41,3,Candle,10,8,80,525,75,5250,750
No,10/6/2020,2020,41,4,Diffuser,15,23,345,225,32,3375,482
Yes,10/6/2020,2020,41,5,Hand Wash,5,96,480,394,56,1970,281
No,10/7/2020,2020,41,1,Liquid Soap,1,7,7,765,109,765,109
No,10/7/2020,2020,41,2,Bar Soap,1.5,51,77,713,102,1069.5,153
Yes,10/7/2020,2020,41,3,Candle,10,86,860,525,75,5250,750
No,10/7/2020,2020,41,4,Diffuser,15,11,165,225,32,3375,482
No,10/7/2020,2020,41,5,Hand Wash,5,41,205,394,56,1970,281
No,10/8/2020,2020,41,1,Liquid Soap,1,94,94,765,109,765,109
No,10/8/2020,2020,41,2,Bar Soap,1.5,4,6,713,102,1069.5,153
Yes,10/8/2020,2020,41,3,Candle,10,85,850,525,75,5250,750
Yes,10/8/2020,2020,41,4,Diffuser,15,36,540,225,32,3375,482
No,10/8/2020,2020,41,5,Hand Wash,5,48,240,394,56,1970,281
No,10/9/2020,2020,41,1,Liquid Soap,1,30,30,765,109,765,109
No,10/9/2020,2020,41,2,Bar Soap,1.5,47,71,713,102,1069.5,153
No,10/9/2020,2020,41,3,Candle,10,68,680,525,75,5250,750
Yes,10/9/2020,2020,41,4,Diffuser,15,81,1215,225,32,3375,482
Yes,10/9/2020,2020,41,5,Hand Wash,5,59,295,394,56,1970,281
